BENCH_META,build=debug,date=Sep 23 2026 19:31:03,rdram=8388608,benchmark=meshab,steps=9,warmup=60,measure=240
BENCH_HDR,kind,step,param,frames,fps,avg_ms,p99_ms,low1_fps,cpu_avg_ms,cpu_max_ms,rdp_busy_ms,rdp_busy_pct,tris,tex_uploads,heap_kb
BENCH_PROF_HDR,kind,step,param,update_us,draw_us,objects_us,mesh_cull_us,mesh_light_us,mesh_tris_us
BENCH,meshab,0,16,239,60.0,16.67,19.59,51.0,11.36,15.10,3.71,22.3,253,0.0,1049
BENCH_PROF,meshab,0,16,151,10269,9737,88,985,7864
BENCH,meshab,1,1016,239,60.0,16.67,19.59,51.0,8.36,11.98,3.74,22.5,256,0.0,1049
BENCH_PROF,meshab,1,1016,148,6850,6294,103,240,4515
BENCH,meshab,2,2016,239,60.0,16.67,19.60,51.0,10.70,14.71,3.72,22.3,253,0.0,1049
BENCH_PROF,meshab,2,2016,152,9493,8938,60,799,7485
BENCH,meshab,3,32,239,40.4,24.73,29.73,33.6,24.72,29.77,6.13,24.7,506,0.0,1049
BENCH_PROF,meshab,3,32,156,22970,22454,171,2670,17971
BENCH,meshab,4,1032,239,55.5,18.03,23.50,42.5,17.66,23.57,6.16,34.2,512,0.0,1049
BENCH_PROF,meshab,4,1032,149,15667,15127,203,475,11895
BENCH,meshab,5,2032,239,43.0,23.28,28.25,35.4,23.26,28.28,6.27,26.7,506,0.0,1049
BENCH_PROF,meshab,5,2032,155,20856,20312,115,1626,17289
BENCH,meshab,6,64,239,20.4,49.08,58.70,17.0,49.07,58.79,11.08,22.7,1011,0.0,1049
BENCH_PROF,meshab,6,64,158,41952,41417,337,4786,33228
BENCH,meshab,7,1064,239,28.1,35.55,45.89,21.7,35.54,46.05,11.26,31.8,1024,0.0,1049
BENCH_PROF,meshab,7,1064,153,28198,27649,402,942,21227
BENCH,meshab,8,2064,239,21.7,46.11,55.75,17.9,46.10,56.09,11.06,24.1,1011,0.0,1049
BENCH_PROF,meshab,8,2064,156,37634,37081,220,3307,31245
BENCH,END,9,74.1
