BENCH_META,build=debug,date=Sep 23 2026 22:50:23,rdram=8388608,benchmark=all,steps=26,warmup=60,measure=240
BENCH_HDR,kind,step,param,frames,fps,avg_ms,p99_ms,low1_fps,cpu_avg_ms,cpu_max_ms,rdp_busy_ms,rdp_busy_pct,tris,tex_uploads,heap_kb
BENCH_PROF_HDR,kind,step,param,update_us,draw_us,objects_us,mesh_cull_us,mesh_light_us,mesh_tris_us
BENCH_LAYOUT,draw_frame=0x807ffcf8,pillar_vtx=0x8016faf0,pillar_vtx_bytes=1600,pillar_idx=0x80173af8,pillar_idx_bytes=192
BENCH,all,0,0,239,60.0,16.67,17.60,53.8,1.19,20.46,1.11,6.7,0,0.0,1036
BENCH_PROF,all,0,0,134,471,0,0,0,0
BENCH,objects,1,8,239,60.0,16.67,18.31,54.6,4.50,7.47,2.37,14.2,126,0.0,1036
BENCH_PROF,objects,1,8,125,3834,3351,35,405,2617
BENCH,objects,2,16,239,60.0,16.67,19.58,51.0,7.95,11.94,3.59,21.6,253,0.0,1036
BENCH_PROF,objects,2,16,126,6881,6396,64,802,4995
BENCH,objects,3,24,239,60.0,16.67,20.78,48.1,11.00,16.20,4.79,28.8,379,0.0,1036
BENCH_PROF,objects,3,24,126,9891,9406,93,1173,7360
BENCH,objects,4,32,239,55.5,18.02,23.21,43.0,17.74,23.28,5.99,33.2,506,0.0,1036
BENCH_PROF,objects,4,32,130,16010,15524,122,1624,12674
BENCH,objects,5,48,239,37.3,26.81,34.48,29.0,26.80,34.57,8.52,31.9,758,0.0,1036
BENCH_PROF,objects,5,48,128,23503,23021,184,2370,18542
BENCH,objects,6,64,239,28.1,35.61,45.80,21.8,35.60,45.96,11.32,31.8,1011,0.0,1036
BENCH_PROF,objects,6,64,129,29835,29351,244,3235,23812
BENCH,particles,7,32,239,60.0,16.67,17.25,57.9,2.19,4.42,1.29,7.7,55,0.0,1036
BENCH_PROF,particles,7,32,223,1614,2,0,0,2
BENCH,particles,8,64,239,60.0,16.67,17.31,57.7,2.97,5.30,1.37,8.2,117,0.0,1036
BENCH_PROF,particles,8,64,313,2292,0,0,0,0
BENCH,particles,9,96,239,60.0,16.66,17.35,57.4,3.78,6.16,1.48,8.9,178,0.0,1036
BENCH_PROF,particles,9,96,417,2980,0,0,0,0
BENCH,particles,10,128,239,60.0,16.67,17.45,57.2,4.60,7.07,1.60,9.6,242,0.0,1036
BENCH_PROF,particles,10,128,506,3690,0,0,0,0
BENCH,lights,11,0,239,60.0,16.68,19.59,51.0,7.87,12.06,3.70,22.1,253,0.0,1036
BENCH_PROF,lights,11,0,126,6897,6398,64,792,5013
BENCH,lights,12,1,239,60.0,16.67,19.58,51.1,8.05,12.09,3.62,21.8,253,0.0,1036
BENCH_PROF,lights,12,1,127,7007,6508,64,908,5008
BENCH,lights,13,2,239,60.0,16.66,19.59,51.0,8.08,12.21,3.62,21.7,253,0.0,1036
BENCH_PROF,lights,13,2,125,7127,6629,64,1034,5002
BENCH,lights,14,4,239,60.0,16.68,19.59,51.0,8.29,12.59,3.69,22.1,253,0.0,1036
BENCH_PROF,lights,14,4,125,7385,6884,64,1303,4990
BENCH,textures,15,1,239,60.0,16.67,18.35,54.5,8.72,11.93,2.44,14.6,96,47.9,1036
BENCH_PROF,textures,15,1,130,8094,7599,58,837,2818
BENCH,textures,16,2,239,60.0,16.67,18.34,54.5,8.75,10.84,2.43,14.6,96,47.9,1036
BENCH_PROF,textures,16,2,130,8121,7624,59,839,2831
BENCH,textures,17,4,239,60.0,16.67,18.33,54.5,8.82,10.96,2.45,14.7,96,47.9,1036
BENCH_PROF,textures,17,4,131,8199,7699,59,841,2860
BENCH,textures,18,8,239,60.0,16.67,18.35,54.5,8.97,12.26,2.43,14.6,96,47.9,1036
BENCH_PROF,textures,18,8,133,8323,7820,65,862,2896
BENCH,shadows,19,0,239,60.0,16.67,19.59,51.0,8.03,11.92,3.66,22.0,253,0.0,1036
BENCH_PROF,shadows,19,0,126,6929,6399,64,783,5014
BENCH,shadows,20,1,239,60.1,16.65,20.80,48.0,8.93,13.68,4.83,29.0,285,0.0,1036
BENCH_PROF,shadows,20,1,128,7555,6209,62,807,4822
BENCH,shadows,21,2,239,59.3,16.86,21.83,45.8,16.10,21.83,5.44,32.3,509,0.0,1036
BENCH_PROF,shadows,21,2,132,14560,6180,60,780,4821
BENCH,fillrate,22,1,239,60.0,16.67,17.52,57.1,1.16,3.73,2.85,17.1,0,0.0,1036
BENCH_PROF,fillrate,22,1,135,530,0,0,0,0
BENCH,fillrate,23,2,239,60.0,16.67,17.51,57.1,1.16,3.64,4.49,26.9,0,0.0,1036
BENCH_PROF,fillrate,23,2,134,532,0,0,0,0
BENCH,fillrate,24,4,239,60.0,16.66,17.51,57.1,1.16,3.73,7.96,47.8,0,0.0,1036
BENCH_PROF,fillrate,24,4,134,540,0,0,0,0
BENCH,fillrate,25,8,239,60.0,16.66,17.53,57.0,1.16,3.74,14.71,88.2,0,0.0,1036
BENCH_PROF,fillrate,25,8,135,538,0,0,0,0
BENCH,END,26,139.2
