BENCH_META,build=debug,date=Sep 25 2026 23:04:36,rdram=8388608,benchmark=rsp,steps=12,warmup=60,measure=240,heap_pad=0,layout_pad=0
BENCH_HDR,kind,step,param,frames,fps,avg_ms,p99_ms,low1_fps,cpu_avg_ms,cpu_max_ms,rdp_busy_ms,rdp_busy_pct,tris,tex_uploads,heap_kb
BENCH_PRESENT_HDR,kind,step,param,presents,vb1,vb2,vb3,vb4plus,late,avg_vblanks,torn,torn_worst_halfline,lag_avg_vblanks,lag_min,lag_max
BENCH_PROF_HDR,kind,step,param,update_us,draw_us,objects_us,mesh_cull_us,mesh_light_us,mesh_tris_us,audio_us,menu_us,hud_us,dialog_us,input_us,wait_input_us,particle_us,rsp_wait_us,audio_wait_us
BENCH_RSPSTATE_HDR,kind,step,param,polls,rsp_running,rdp_busy,rdp_behind,starved
BENCH_INPUT_HDR,kind,step,param,sync,pacing,fresh_pct,read_us,wait_us,wait_max_us,timeouts,auto_skips
BENCH_LAYOUT,draw_frame=0x807ffd80,pillar_vtx=0x80152520,pillar_vtx_bytes=1600,pillar_idx=0x80152b60,pillar_idx_bytes=192,pillar_mesh=0x800a3410
BENCH_LAYOUT,rspq=0xa01254a4,rdp_buf0=0xa0126e60,rdp_buf1=0xa0136e80,zbuf=0xa07ca800,fb0=0xa00ff5c0,fb1=0xa00b4540,fb2=0xa00d9d80
BENCH,rsp,0,32,239,59.6,16.76,17.22,58.0,13.86,17.28,5.88,34.8,506,0.0,958
BENCH_PRESENT,rsp,0,32,239,238,1,0,0,1,1.004,0,0,2.490,2,3
BENCH_PROF,rsp,0,32,112,12822,12300,134,1744,9439,2678,0,451,0,83,4,7,3603,2585
BENCH_RSPSTATE,rsp,0,32,239,239,239,239,0
BENCH_INPUT,rsp,0,32,auto,throughput,52.3,499,5,14,0,114
BENCH,rsp,1,1032,239,60.0,16.67,16.86,59.3,12.32,14.43,5.87,35.2,506,0.0,958
BENCH_PRESENT,rsp,1,1032,239,239,0,0,0,0,1.000,0,0,3.000,3,3
BENCH_PROF,rsp,1,1032,110,11899,11363,132,1747,8508,99,0,462,0,71,3,7,42,0
BENCH_RSPSTATE,rsp,1,1032,239,239,239,239,0
BENCH_INPUT,rsp,1,1032,auto,throughput,0.0,-1,3,4,0,239
BENCH,rsp,2,2032,239,60.0,16.67,16.77,59.6,10.95,13.03,5.62,33.7,506,0.0,1086
BENCH_PRESENT,rsp,2,2032,239,239,0,0,0,0,1.000,0,0,2.000,2,2
BENCH_PROF,rsp,2,2032,110,10454,9951,131,1736,7199,98,0,432,0,85,366,6,0,0
BENCH_RSPSTATE,rsp,2,2032,239,239,239,239,0
BENCH_INPUT,rsp,2,2032,auto,throughput,100.0,485,366,439,0,0
BENCH,rsp,3,3032,239,60.0,16.67,16.82,59.4,11.24,13.27,5.61,33.7,506,0.0,1155
BENCH_PRESENT,rsp,3,3032,239,239,0,0,0,0,1.000,0,0,2.000,2,2
BENCH_PROF,rsp,3,3032,111,10757,10217,131,1757,7336,98,0,430,0,85,367,7,0,0
BENCH_RSPSTATE,rsp,3,3032,239,239,239,239,0
BENCH_INPUT,rsp,3,3032,auto,throughput,100.0,485,367,444,0,0
BENCH,rsp,4,48,239,40.0,25.02,25.29,39.5,25.01,25.29,8.45,33.7,758,0.0,1155
BENCH_PRESENT,rsp,4,48,239,119,120,0,0,120,1.502,0,0,2.565,2,3
BENCH_PROF,rsp,4,48,112,18392,17861,197,2609,13645,6272,0,451,0,80,3,7,7246,6159
BENCH_RSPSTATE,rsp,4,48,239,239,239,239,0
BENCH_INPUT,rsp,4,48,auto,throughput,99.2,505,3,4,0,2
BENCH,rsp,5,1048,239,40.6,24.65,24.92,40.1,24.63,24.99,8.47,34.4,758,0.0,1155
BENCH_PRESENT,rsp,5,1048,239,125,114,0,0,114,1.477,0,0,2.954,2,3
BENCH_PROF,rsp,5,1048,111,24128,23580,196,2670,18622,119,0,477,0,85,3,7,6779,0
BENCH_RSPSTATE,rsp,5,1048,239,239,239,239,0
BENCH_INPUT,rsp,5,1048,auto,throughput,97.1,506,3,12,0,7
BENCH,rsp,6,2048,239,60.0,16.67,18.19,54.9,15.87,18.21,8.20,49.2,758,0.0,1219
BENCH_PRESENT,rsp,6,2048,239,239,0,0,0,0,1.000,0,0,2.933,2,3
BENCH_PROF,rsp,6,2048,108,15361,14858,192,2591,10762,98,0,434,0,70,3,7,0,0
BENCH_RSPSTATE,rsp,6,2048,239,239,16,0,0
BENCH_INPUT,rsp,6,2048,auto,throughput,6.7,508,3,13,0,223
BENCH,rsp,7,3048,239,60.0,16.67,18.66,53.5,16.40,18.68,8.19,49.2,758,0.0,1292
BENCH_PRESENT,rsp,7,3048,239,239,0,0,0,0,1.000,0,0,2.757,2,3
BENCH_PROF,rsp,7,3048,110,15882,15328,192,2637,11007,93,0,439,0,72,3,7,0,0
BENCH_RSPSTATE,rsp,7,3048,239,239,8,8,0
BENCH_INPUT,rsp,7,3048,auto,throughput,24.3,495,3,4,0,181
BENCH,rsp,8,64,239,30.1,33.27,33.53,29.8,33.25,33.55,11.02,33.3,1011,0.0,1292
BENCH_PRESENT,rsp,8,64,239,2,236,1,0,237,1.996,0,0,3.184,3,4
BENCH_PROF,rsp,8,64,116,22848,22308,257,3470,16739,9880,0,459,0,85,3,7,9805,9742
BENCH_RSPSTATE,rsp,8,64,239,239,239,239,0
BENCH_INPUT,rsp,8,64,auto,throughput,85.4,520,3,4,0,34
BENCH,rsp,9,1064,239,30.5,32.82,33.23,30.1,32.80,33.23,11.03,33.7,1011,0.0,1292
BENCH_PRESENT,rsp,9,1064,239,7,232,0,0,232,1.971,0,0,3.561,3,4
BENCH_PROF,rsp,9,1064,110,32198,31657,264,3537,25839,140,0,470,0,82,3,7,9413,1
BENCH_RSPSTATE,rsp,9,1064,239,239,239,239,0
BENCH_INPUT,rsp,9,1064,auto,throughput,96.7,521,3,4,0,8
BENCH,rsp,10,2064,239,40.0,24.98,29.19,34.3,20.98,22.97,10.77,43.2,1011,0.0,1292
BENCH_PRESENT,rsp,10,2064,239,119,120,0,0,120,1.502,0,0,3.502,3,4
BENCH_PROF,rsp,10,2064,114,20400,19877,268,3480,14385,130,0,439,0,80,3,7,1,0
BENCH_RSPSTATE,rsp,10,2064,239,239,223,112,0
BENCH_INPUT,rsp,10,2064,auto,throughput,49.8,521,3,4,0,120
BENCH,rsp,11,3064,239,40.0,24.99,28.52,35.0,21.55,23.66,10.74,43.1,1011,0.0,1324
BENCH_PRESENT,rsp,11,3064,239,119,120,0,0,120,1.502,0,0,3.502,3,4
BENCH_PROF,rsp,11,3064,110,20986,20426,260,3524,14661,124,0,445,0,76,3,7,0,0
BENCH_RSPSTATE,rsp,11,3064,239,239,120,120,0
BENCH_INPUT,rsp,11,3064,auto,throughput,49.8,521,3,4,0,120
BENCH,END,12,79.9
