BENCH_META,build=debug,date=Sep 24 2026 19:30:37,rdram=8388608,benchmark=all,steps=26,warmup=60,measure=240
BENCH_HDR,kind,step,param,frames,fps,avg_ms,p99_ms,low1_fps,cpu_avg_ms,cpu_max_ms,rdp_busy_ms,rdp_busy_pct,tris,tex_uploads,heap_kb
BENCH_PRESENT_HDR,kind,step,param,presents,vb1,vb2,vb3,vb4plus,late,avg_vblanks
BENCH_PROF_HDR,kind,step,param,update_us,draw_us,objects_us,mesh_cull_us,mesh_light_us,mesh_tris_us,audio_us,menu_us,hud_us,dialog_us
BOOT_HDR,sec,frames,frame_ms,wait_ms,update_ms,draw_ms,audio_ms,rdp_ms
BOOT,0,63,16.11,14.89,0.20,0.63,0.09,0.78
BOOT,1,60,16.67,15.48,0.20,0.63,0.09,1.30
BOOT,2,61,16.67,15.48,0.20,0.63,0.09,1.38
BOOT,3,61,16.66,15.48,0.20,0.63,0.09,1.38
BENCH_LAYOUT,draw_frame=0x807ffc80,pillar_vtx=0x80142630,pillar_vtx_bytes=1600,pillar_idx=0x80142c70,pillar_idx_bytes=192,pillar_mesh=0x8008c6f8
BENCH,all,0,0,239,60.0,16.67,16.94,59.0,1.19,3.86,1.39,8.4,0,0.0,799
BENCH_PRESENT,all,0,0,239,239,0,0,0,0,1.000
BENCH_PROF,all,0,0,212,633,0,0,0,0,87,0,577,0
BOOT,4,60,16.74,15.01,0.32,1.06,0.09,1.40
BOOT,5,60,16.67,11.22,0.18,4.92,0.09,2.51
BOOT,6,61,16.66,11.30,0.18,4.82,0.09,3.00
BOOT,7,61,16.65,11.69,0.17,4.45,0.09,2.98
BOOT,8,60,16.67,12.70,0.14,3.55,0.07,2.41
BENCH,objects,1,8,239,60.0,16.66,16.90,59.0,4.61,8.04,2.21,13.3,126,0.0,799
BENCH_PRESENT,objects,1,8,239,239,0,0,0,0,1.000
BENCH_PROF,objects,1,8,142,3570,3113,40,426,2368,68,0,415,0
BOOT,9,60,16.71,12.29,0.22,3.92,0.07,2.25
BOOT,10,61,16.67,9.92,0.13,6.34,0.07,3.03
BOOT,11,61,16.67,10.01,0.14,6.24,0.07,3.35
BENCH,objects,2,16,239,60.0,16.67,16.83,59.4,6.68,8.79,3.45,20.7,253,0.0,799
BENCH_PRESENT,objects,2,16,239,239,0,0,0,0,1.000
BENCH_PROF,objects,2,16,141,6296,5825,71,814,4433,68,0,432,0
BENCH,objects,3,24,239,60.0,16.67,16.84,59.4,9.39,11.56,4.64,27.9,379,0.0,799
BENCH_PRESENT,objects,3,24,239,239,0,0,0,0,1.000
BENCH_PROF,objects,3,24,141,8998,8526,103,1203,6486,70,0,433,0
BENCH,objects,4,32,239,60.0,16.67,16.82,59.4,12.17,14.30,5.84,35.1,506,0.0,799
BENCH_PRESENT,objects,4,32,239,239,0,0,0,0,1.000
BENCH_PROF,objects,4,32,141,11778,11302,135,1610,8577,112,0,435,0
BENCH,objects,5,48,239,40.3,24.81,25.02,39.9,24.79,25.07,8.44,34.1,758,0.0,799
BENCH_PRESENT,objects,5,48,239,123,116,0,0,116,1.485
BENCH_PROF,objects,5,48,145,18277,17798,205,2473,13674,6177,0,434,0
BENCH,objects,6,64,239,30.3,32.96,33.34,30.0,32.95,33.34,11.00,33.5,1011,0.0,799
BENCH_PRESENT,objects,6,64,238,5,233,0,0,233,1.979
BENCH_PROF,objects,6,64,147,22761,22283,267,3205,16916,9738,0,432,0
BENCH,particles,7,32,239,60.0,16.67,16.85,59.2,2.18,4.22,1.10,6.6,55,0.0,799
BENCH_PRESENT,particles,7,32,239,239,0,0,0,0,1.000
BENCH_PROF,particles,7,32,245,1695,2,0,0,1,68,0,536,0
BENCH,particles,8,64,239,60.0,16.67,16.90,59.0,2.94,4.95,1.20,7.2,117,0.0,799
BENCH_PRESENT,particles,8,64,239,239,0,0,0,0,1.000
BENCH_PROF,particles,8,64,333,2352,0,0,0,0,70,0,534,0
BENCH,particles,9,96,239,60.0,16.67,16.86,59.2,3.71,5.78,1.30,7.8,178,0.0,799
BENCH_PRESENT,particles,9,96,239,239,0,0,0,0,1.000
BENCH_PROF,particles,9,96,426,3036,0,0,0,0,71,0,548,0
BENCH,particles,10,128,239,60.0,16.67,16.90,59.1,4.49,6.47,1.40,8.4,242,0.0,799
BENCH_PRESENT,particles,10,128,239,239,0,0,0,0,1.000
BENCH_PROF,particles,10,128,528,3699,0,0,0,0,72,0,525,0
BENCH,lights,11,0,239,60.0,16.67,16.81,59.4,6.66,8.83,3.46,20.7,253,0.0,799
BENCH_PRESENT,lights,11,0,239,239,0,0,0,0,1.000
BENCH_PROF,lights,11,0,141,6293,5823,72,819,4425,70,0,428,0
BENCH,lights,12,1,239,60.0,16.67,16.83,59.4,6.78,8.91,3.46,20.7,253,0.0,799
BENCH_PRESENT,lights,12,1,239,239,0,0,0,0,1.000
BENCH_PROF,lights,12,1,141,6418,5943,72,943,4421,69,0,434,0
BENCH,lights,13,2,239,60.0,16.67,16.82,59.4,6.91,8.99,3.46,20.7,253,0.0,799
BENCH_PRESENT,lights,13,2,239,239,0,0,0,0,1.000
BENCH_PROF,lights,13,2,141,6548,6072,71,1080,4418,68,0,436,0
BENCH,lights,14,4,239,60.0,16.67,16.80,59.4,7.18,9.30,3.46,20.8,253,0.0,799
BENCH_PRESENT,lights,14,4,239,239,0,0,0,0,1.000
BENCH_PROF,lights,14,4,141,6820,6344,72,1376,4371,68,0,435,0
BENCH,textures,15,1,239,60.0,16.67,16.81,59.4,5.25,7.28,1.94,11.6,96,16.0,799
BENCH_PRESENT,textures,15,1,239,239,0,0,0,0,1.000
BENCH_PROF,textures,15,1,145,4859,4357,86,588,2091,69,0,457,0
BENCH,textures,16,2,239,60.0,16.67,16.81,59.3,5.37,7.41,1.94,11.7,96,16.0,799
BENCH_PRESENT,textures,16,2,239,239,0,0,0,0,1.000
BENCH_PROF,textures,16,2,145,4985,4479,90,597,2140,69,0,459,0
BENCH,textures,17,4,239,60.0,16.67,16.83,59.3,5.44,7.49,1.94,11.6,96,16.0,799
BENCH_PRESENT,textures,17,4,239,239,0,0,0,0,1.000
BENCH_PROF,textures,17,4,148,5039,4530,91,584,2191,74,0,462,0
BENCH,textures,18,8,239,60.0,16.67,16.80,59.5,5.54,7.58,1.94,11.6,96,16.0,799
BENCH_PRESENT,textures,18,8,239,239,0,0,0,0,1.000
BENCH_PROF,textures,18,8,149,5140,4628,93,599,2235,73,0,464,0
BENCH,shadows,19,0,239,60.0,16.67,16.79,59.5,6.74,8.81,3.50,21.0,253,0.0,799
BENCH_PRESENT,shadows,19,0,239,239,0,0,0,0,1.000
BENCH_PROF,shadows,19,0,142,6365,5820,71,815,4411,71,0,507,0
BENCH,shadows,20,1,239,60.0,16.67,16.84,59.3,7.33,9.44,4.66,27.9,285,0.0,799
BENCH_PRESENT,shadows,20,1,239,239,0,0,0,0,1.000
BENCH_PROF,shadows,20,1,143,6954,5610,71,813,4241,71,0,510,0
BENCH,shadows,21,2,239,60.0,16.67,16.87,59.3,10.98,13.14,5.25,31.5,509,0.0,799
BENCH_PRESENT,shadows,21,2,239,239,0,0,0,0,1.000
BENCH_PROF,shadows,21,2,142,10612,5518,65,804,4183,70,0,510,0
BENCH,fillrate,22,1,239,60.0,16.67,16.91,59.1,0.96,3.16,2.67,16.0,0,0.0,799
BENCH_PRESENT,fillrate,22,1,239,239,0,0,0,0,1.000
BENCH_PROF,fillrate,22,1,165,558,0,0,0,0,66,0,498,0
BENCH,fillrate,23,2,239,60.0,16.67,16.91,59.1,0.97,3.16,4.35,26.1,0,0.0,799
BENCH_PRESENT,fillrate,23,2,239,239,0,0,0,0,1.000
BENCH_PROF,fillrate,23,2,164,555,0,0,0,0,66,0,493,0
BENCH,fillrate,24,4,239,60.0,16.67,16.92,59.1,0.97,3.14,7.73,46.4,0,0.0,799
BENCH_PRESENT,fillrate,24,4,239,239,0,0,0,0,1.000
BENCH_PROF,fillrate,24,4,164,571,0,0,0,0,65,0,498,0
BENCH,fillrate,25,8,239,60.0,16.67,16.93,59.1,0.99,3.18,14.53,87.1,0,0.0,799
BENCH_PRESENT,fillrate,25,8,239,239,0,0,0,0,1.000
BENCH_PROF,fillrate,25,8,163,587,0,0,0,0,65,0,501,0
BENCH,END,26,137.3
