BENCH_META,build=debug,date=Sep 25 2026 22:43:35,rdram=8388608,benchmark=ui,steps=16,warmup=60,measure=240,heap_pad=0,layout_pad=0
BENCH_HDR,kind,step,param,frames,fps,avg_ms,p99_ms,low1_fps,cpu_avg_ms,cpu_max_ms,rdp_busy_ms,rdp_busy_pct,tris,tex_uploads,heap_kb
BENCH_PRESENT_HDR,kind,step,param,presents,vb1,vb2,vb3,vb4plus,late,avg_vblanks,torn,torn_worst_halfline,lag_avg_vblanks,lag_min,lag_max
BENCH_PROF_HDR,kind,step,param,update_us,draw_us,objects_us,mesh_cull_us,mesh_light_us,mesh_tris_us,audio_us,menu_us,hud_us,dialog_us,input_us,wait_input_us,particle_us,rsp_wait_us,audio_wait_us
BENCH_RSPSTATE_HDR,kind,step,param,polls,rsp_running,rdp_busy,rdp_behind,starved
BENCH_INPUT_HDR,kind,step,param,sync,pacing,fresh_pct,read_us,wait_us,wait_max_us,timeouts,auto_skips
BENCH_LAYOUT,draw_frame=0x807ffd78,pillar_vtx=0x801be520,pillar_vtx_bytes=1600,pillar_idx=0x801beb60,pillar_idx_bytes=192,pillar_mesh=0x800a3348
BENCH_LAYOUT,rspq=0xa0153c84,rdp_buf0=0xa0126d60,rdp_buf1=0xa0136d80,zbuf=0xa07ca800,fb0=0xa00d9c80,fb1=0xa00ff4c0,fb2=0xa00b4440
BENCH,ui,0,0,239,60.0,16.67,16.77,59.6,8.90,11.00,6.85,41.1,453,0.0,1161
BENCH_PRESENT,ui,0,0,239,239,0,0,0,0,1.000,0,0,2.000,2,2
BENCH_PROF,ui,0,0,118,8398,4875,64,828,3588,97,1344,388,0,85,370,6,0,0
BENCH_RSPSTATE,ui,0,0,239,239,239,239,0
BENCH_INPUT,ui,0,0,auto,throughput,100.0,487,369,444,0,0
BENCH,ui,1,10,239,60.0,16.67,16.78,59.6,7.87,10.00,7.49,45.0,453,0.0,1257
BENCH_PRESENT,ui,1,10,239,239,0,0,0,0,1.000,0,0,2.000,2,2
BENCH_PROF,ui,1,10,119,7371,4825,64,819,3554,99,299,434,0,84,368,5,0,0
BENCH_RSPSTATE,ui,1,10,239,239,239,239,0
BENCH_INPUT,ui,1,10,auto,throughput,100.0,487,367,444,0,0
BENCH,ui,2,1,239,60.0,16.67,16.90,59.1,8.91,11.12,6.85,41.1,453,0.0,1257
BENCH_PRESENT,ui,2,1,239,239,0,0,0,0,1.000,0,0,2.000,2,2
BENCH_PROF,ui,2,1,119,8411,4875,64,829,3586,99,1358,387,0,84,368,6,0,0
BENCH_RSPSTATE,ui,2,1,239,239,239,239,0
BENCH_INPUT,ui,2,1,auto,throughput,100.0,487,369,444,0,0
BENCH,ui,3,11,239,60.0,16.67,17.97,55.6,7.98,10.48,7.51,45.1,453,0.0,1257
BENCH_PRESENT,ui,3,11,239,239,0,0,0,0,1.000,0,0,2.000,2,2
BENCH_PROF,ui,3,11,119,7481,4832,64,821,3558,101,406,430,0,84,366,5,0,0
BENCH_RSPSTATE,ui,3,11,239,239,239,239,0
BENCH_INPUT,ui,3,11,auto,throughput,100.0,487,367,444,0,0
BENCH,ui,4,2,239,60.0,16.67,16.91,59.1,8.97,11.14,6.85,41.1,453,0.0,1257
BENCH_PRESENT,ui,4,2,239,239,0,0,0,0,1.000,0,0,2.000,2,2
BENCH_PROF,ui,4,2,121,8470,4877,64,827,3592,99,1416,384,0,84,368,6,0,0
BENCH_RSPSTATE,ui,4,2,239,239,239,239,0
BENCH_INPUT,ui,4,2,auto,throughput,100.0,487,369,445,0,0
BENCH,ui,5,12,239,60.0,16.67,17.04,58.6,8.03,10.26,7.53,45.1,453,0.0,1257
BENCH_PRESENT,ui,5,12,239,239,0,0,0,0,1.000,0,0,2.000,2,2
BENCH_PROF,ui,5,12,123,7526,4826,64,820,3554,101,461,419,0,84,366,5,0,0
BENCH_RSPSTATE,ui,5,12,239,239,239,239,0
BENCH_INPUT,ui,5,12,auto,throughput,100.0,487,367,444,0,0
BENCH,ui,6,3,239,60.0,16.67,17.01,58.2,8.72,10.98,6.78,40.7,453,0.0,1257
BENCH_PRESENT,ui,6,3,239,239,0,0,0,0,1.000,0,0,2.000,2,2
BENCH_PROF,ui,6,3,118,8250,4845,65,822,3567,98,1207,389,0,84,368,5,0,0
BENCH_RSPSTATE,ui,6,3,239,239,239,239,0
BENCH_INPUT,ui,6,3,auto,throughput,100.0,487,368,448,0,0
BENCH,ui,7,13,239,60.0,16.67,18.13,55.0,7.90,10.00,7.41,44.5,453,0.0,1257
BENCH_PRESENT,ui,7,13,239,239,0,0,0,0,1.000,0,0,2.000,2,2
BENCH_PROF,ui,7,13,119,7390,4827,63,820,3555,101,318,434,0,84,366,5,0,0
BENCH_RSPSTATE,ui,7,13,239,239,239,239,0
BENCH_INPUT,ui,7,13,auto,throughput,100.0,487,366,444,0,0
BENCH,ui,8,4,239,60.0,16.66,16.80,56.7,8.37,11.00,6.01,36.1,453,0.0,1257
BENCH_PRESENT,ui,8,4,239,239,0,0,0,0,1.000,0,0,2.000,2,2
BENCH_PROF,ui,8,4,115,7513,4842,63,824,3568,96,499,409,0,81,370,5,0,0
BENCH_RSPSTATE,ui,8,4,239,150,150,150,0
BENCH_INPUT,ui,8,4,auto,throughput,100.0,486,370,445,0,0
BENCH,ui,9,14,239,60.0,16.67,16.79,59.0,7.74,10.00,6.26,37.6,453,0.0,1257
BENCH_PRESENT,ui,9,14,239,239,0,0,0,0,1.000,0,0,2.000,2,2
BENCH_PROF,ui,9,14,115,7147,4822,64,820,3553,97,113,441,0,81,370,5,0,0
BENCH_RSPSTATE,ui,9,14,239,150,150,150,0
BENCH_INPUT,ui,9,14,auto,throughput,100.0,486,368,445,0,0
BENCH,ui,10,20,239,60.0,16.67,16.76,59.6,7.96,10.06,7.65,45.9,453,0.0,1353
BENCH_PRESENT,ui,10,20,239,239,0,0,0,0,1.000,0,0,2.000,2,2
BENCH_PROF,ui,10,20,119,7451,4825,64,821,3553,100,361,439,0,84,368,5,0,0
BENCH_RSPSTATE,ui,10,20,239,239,239,239,0
BENCH_INPUT,ui,10,20,auto,throughput,100.0,487,367,444,0,0
BENCH,ui,11,30,239,60.0,16.67,16.78,59.5,7.95,10.10,7.64,45.8,453,0.0,1353
BENCH_PRESENT,ui,11,30,239,239,0,0,0,0,1.000,0,0,2.000,2,2
BENCH_PROF,ui,11,30,119,7449,4825,64,820,3553,100,359,440,0,84,367,5,0,0
BENCH_RSPSTATE,ui,11,30,239,239,239,239,0
BENCH_INPUT,ui,11,30,auto,throughput,100.0,487,367,445,0,0
BENCH,ui,12,40,239,60.0,16.67,16.75,59.7,9.13,11.27,5.64,33.8,453,0.0,1353
BENCH_PRESENT,ui,12,40,239,239,0,0,0,0,1.000,0,0,2.000,2,2
BENCH_PROF,ui,12,40,115,8629,4822,63,818,3554,97,0,2002,0,82,370,5,0,0
BENCH_RSPSTATE,ui,12,40,239,239,239,239,0
BENCH_INPUT,ui,12,40,auto,throughput,100.0,487,369,444,0,0
BENCH,ui,13,41,239,60.0,16.66,17.36,57.6,7.75,9.78,5.75,34.5,453,0.0,1384
BENCH_PRESENT,ui,13,41,239,239,0,0,0,0,1.000,0,0,2.000,2,2
BENCH_PROF,ui,13,41,112,7247,4823,64,818,3554,94,0,680,0,80,371,5,0,0
BENCH_RSPSTATE,ui,13,41,239,37,31,27,0
BENCH_INPUT,ui,13,41,auto,throughput,100.0,485,370,444,0,0
BENCH,ui,14,50,239,60.0,16.67,16.86,58.1,7.77,9.94,6.24,37.5,453,0.0,1448
BENCH_PRESENT,ui,14,50,239,239,0,0,0,0,1.000,0,0,2.000,2,2
BENCH_PROF,ui,14,50,125,7250,4823,64,818,3556,97,0,437,250,82,368,5,0,0
BENCH_RSPSTATE,ui,14,50,239,238,239,238,0
BENCH_INPUT,ui,14,50,auto,throughput,100.0,486,364,447,0,0
BENCH,ui,15,51,239,60.0,16.67,17.87,55.8,7.88,9.87,6.32,37.9,453,0.0,1448
BENCH_PRESENT,ui,15,51,239,239,0,0,0,0,1.000,0,0,2.000,2,2
BENCH_PROF,ui,15,51,138,7363,4823,64,819,3554,99,0,432,368,86,367,5,0,0
BENCH_RSPSTATE,ui,15,51,239,226,228,220,0
BENCH_INPUT,ui,15,51,auto,throughput,100.0,486,367,450,0,0
BENCH,END,16,80.0
