BENCH_META,build=debug,date=Sep 25 2026 22:43:35,rdram=8388608,benchmark=latency,steps=9,warmup=60,measure=240,heap_pad=0,layout_pad=0
BENCH_HDR,kind,step,param,frames,fps,avg_ms,p99_ms,low1_fps,cpu_avg_ms,cpu_max_ms,rdp_busy_ms,rdp_busy_pct,tris,tex_uploads,heap_kb
BENCH_PRESENT_HDR,kind,step,param,presents,vb1,vb2,vb3,vb4plus,late,avg_vblanks,torn,torn_worst_halfline,lag_avg_vblanks,lag_min,lag_max
BENCH_PROF_HDR,kind,step,param,update_us,draw_us,objects_us,mesh_cull_us,mesh_light_us,mesh_tris_us,audio_us,menu_us,hud_us,dialog_us,input_us,wait_input_us,particle_us,rsp_wait_us,audio_wait_us
BENCH_RSPSTATE_HDR,kind,step,param,polls,rsp_running,rdp_busy,rdp_behind,starved
BENCH_INPUT_HDR,kind,step,param,sync,pacing,fresh_pct,read_us,wait_us,wait_max_us,timeouts,auto_skips
BENCH_LAYOUT,draw_frame=0x807ffd78,pillar_vtx=0x801be520,pillar_vtx_bytes=1600,pillar_idx=0x801beb60,pillar_idx_bytes=192,pillar_mesh=0x800a3348
BENCH_LAYOUT,rspq=0xa0153414,rdp_buf0=0xa0126d60,rdp_buf1=0xa0136d80,zbuf=0xa07ca800,fb0=0xa00ff4c0,fb1=0xa00b4440,fb2=0xa00d9c80
BENCH,latency,0,0,239,60.0,16.67,16.82,59.4,7.51,9.60,5.55,33.3,453,0.0,1159
BENCH_PRESENT,latency,0,0,239,239,0,0,0,0,1.000,0,0,3.000,3,3
BENCH_PROF,latency,0,0,109,7040,4818,63,819,3552,93,0,456,0,66,1,5,0,0
BENCH_RSPSTATE,latency,0,0,239,0,0,0,0
BENCH_INPUT,latency,0,0,latest,throughput,0.0,-1,1,11,0,0
BENCH,latency,1,100,239,60.0,16.67,16.78,59.5,7.52,9.63,5.56,33.4,453,0.0,1159
BENCH_PRESENT,latency,1,100,239,239,0,0,0,0,1.000,0,0,2.000,2,2
BENCH_PROF,latency,1,100,109,7036,4817,63,817,3553,96,0,478,0,78,370,5,0,0
BENCH_RSPSTATE,latency,1,100,239,0,0,0,0
BENCH_INPUT,latency,1,100,auto,throughput,100.0,484,371,445,0,0
BENCH,latency,2,200,239,60.0,16.67,16.81,59.5,7.52,9.61,5.54,33.2,453,0.0,1159
BENCH_PRESENT,latency,2,200,239,239,0,0,0,0,1.000,0,0,1.000,1,1
BENCH_PROF,latency,2,200,110,7037,4818,63,819,3553,93,0,478,0,79,364,5,0,0
BENCH_RSPSTATE,latency,2,200,239,0,0,0,0
BENCH_INPUT,latency,2,200,fresh,low_latency,100.0,485,363,439,0,0
BENCH,latency,3,4,239,60.0,16.67,16.87,59.3,11.49,13.61,5.54,33.3,453,0.0,1159
BENCH_PRESENT,latency,3,4,239,239,0,0,0,0,1.000,0,0,3.000,3,3
BENCH_PROF,latency,3,4,4109,7012,4815,63,817,3553,97,0,456,0,67,3,5,0,0
BENCH_RSPSTATE,latency,3,4,239,239,239,239,0
BENCH_INPUT,latency,3,4,latest,throughput,0.0,-1,3,21,0,0
BENCH,latency,4,104,239,60.0,16.67,16.77,59.6,11.53,13.65,5.55,33.3,453,0.0,1159
BENCH_PRESENT,latency,4,104,239,239,0,0,0,0,1.000,0,0,2.000,2,2
BENCH_PROF,latency,4,104,4110,7034,4816,63,818,3552,100,0,478,0,83,367,5,0,0
BENCH_RSPSTATE,latency,4,104,239,239,239,239,0
BENCH_INPUT,latency,4,104,auto,throughput,100.0,487,368,444,0,0
BENCH,latency,5,204,239,30.0,33.33,33.41,29.9,11.56,13.63,5.53,16.6,453,0.0,1159
BENCH_PRESENT,latency,5,204,239,0,239,0,0,239,2.000,0,0,2.000,2,2
BENCH_PROF,latency,5,204,4109,7037,4817,63,817,3554,145,0,479,0,67,314,5,0,0
BENCH_RSPSTATE,latency,5,204,239,0,0,0,0
BENCH_INPUT,latency,5,204,fresh,low_latency,100.0,507,314,342,0,0
BENCH,latency,6,8,239,60.0,16.67,17.74,56.3,15.49,17.78,5.52,33.1,453,0.0,1159
BENCH_PRESENT,latency,6,8,239,239,0,0,0,0,1.000,0,0,2.967,2,3
BENCH_PROF,latency,6,8,8109,7013,4816,63,818,3553,96,0,456,0,68,1,5,0,0
BENCH_RSPSTATE,latency,6,8,239,239,8,0,0
BENCH_INPUT,latency,6,8,latest,throughput,3.3,523,1,11,0,0
BENCH,latency,7,108,239,60.0,16.67,17.80,56.0,15.51,17.87,5.53,33.2,453,0.0,1159
BENCH_PRESENT,latency,7,108,239,239,0,0,0,0,1.000,0,0,2.967,2,3
BENCH_PROF,latency,7,108,8110,7034,4815,63,817,3553,96,0,478,0,67,4,5,0,0
BENCH_RSPSTATE,latency,7,108,239,239,8,0,0
BENCH_INPUT,latency,7,108,auto,throughput,3.3,523,4,22,0,231
BENCH,latency,8,208,239,30.0,33.33,33.43,29.9,15.56,17.77,5.53,16.6,453,0.0,1159
BENCH_PRESENT,latency,8,208,239,0,239,0,0,239,2.000,0,0,2.000,2,2
BENCH_PROF,latency,8,208,8110,7037,4817,63,819,3553,145,0,478,0,67,314,5,0,0
BENCH_RSPSTATE,latency,8,208,239,0,0,0,0
BENCH_INPUT,latency,8,208,fresh,low_latency,100.0,507,313,344,0,0
BENCH,END,9,55.0
