BENCH_META,build=debug,date=Sep 24 2026 01:19:03,rdram=8388608,benchmark=audio,steps=10,warmup=60,measure=240
BENCH_HDR,kind,step,param,frames,fps,avg_ms,p99_ms,low1_fps,cpu_avg_ms,cpu_max_ms,rdp_busy_ms,rdp_busy_pct,tris,tex_uploads,heap_kb
BENCH_PROF_HDR,kind,step,param,update_us,draw_us,objects_us,mesh_cull_us,mesh_light_us,mesh_tris_us,audio_us
BENCH_LAYOUT,draw_frame=0x807ffcf8,pillar_vtx=0x8016bfd0,pillar_vtx_bytes=1600,pillar_idx=0x8016c610,pillar_idx_bytes=192,pillar_mesh=0x80099998
BENCH,audio,0,20,239,51.1,19.56,19.93,50.0,18.96,20.14,8.59,43.7,453,0.0,794
BENCH_PROF,audio,0,20,198,14478,8508,117,1256,6254,4066
BENCH,audio,1,300,239,58.2,17.19,32.00,29.9,14.88,35.15,6.15,36.8,453,0.0,827
BENCH_PROF,audio,1,300,154,9472,6247,84,930,4563,4230
BENCH,audio,2,320,239,60.0,16.68,21.99,44.4,13.32,17.15,6.06,36.2,453,0.0,827
BENCH_PROF,audio,2,320,148,9877,6267,84,929,4603,3145
BENCH,audio,3,100,239,60.1,16.65,21.54,46.4,11.84,16.31,6.03,36.2,453,0.0,832
BENCH_PROF,audio,3,100,146,9423,6259,84,929,4599,1919
BENCH,audio,4,120,239,60.0,16.67,17.45,57.3,10.23,12.20,6.03,36.1,453,0.0,832
BENCH_PROF,audio,4,120,143,9423,6261,84,929,4604,513
BENCH,audio,5,200,239,60.1,16.65,21.53,46.3,11.78,16.26,6.00,36.1,453,0.0,820
BENCH_PROF,audio,5,200,146,9428,6260,84,929,4605,2011
BENCH,audio,6,210,239,60.0,16.67,16.95,58.9,13.00,14.54,6.07,36.4,453,0.0,820
BENCH_PROF,audio,6,210,143,9431,6262,84,929,4599,3380
BENCH,audio,7,220,239,60.0,16.67,17.42,57.4,10.19,12.20,6.03,36.1,453,0.0,820
BENCH_PROF,audio,7,220,143,9425,6262,84,929,4599,462
BENCH,audio,8,201,239,59.9,16.69,21.81,45.7,12.33,16.54,6.15,36.7,453,0.0,832
BENCH_PROF,audio,8,201,172,9432,6260,84,930,4600,2617
BENCH,audio,9,221,239,60.0,16.67,18.33,54.2,10.68,13.01,6.04,36.2,453,0.0,832
BENCH_PROF,audio,9,221,168,9444,6263,84,930,4575,920
BENCH,END,10,51.3
