BENCH_META,build=debug,date=Sep 24 2026 00:07:04,rdram=8388608,benchmark=all,steps=26,warmup=60,measure=240
BENCH_HDR,kind,step,param,frames,fps,avg_ms,p99_ms,low1_fps,cpu_avg_ms,cpu_max_ms,rdp_busy_ms,rdp_busy_pct,tris,tex_uploads,heap_kb
BENCH_PROF_HDR,kind,step,param,update_us,draw_us,objects_us,mesh_cull_us,mesh_light_us,mesh_tris_us
BENCH_LAYOUT,draw_frame=0x807ffcf8,pillar_vtx=0x8015a080,pillar_vtx_bytes=1600,pillar_idx=0x8015a6c0,pillar_idx_bytes=192,pillar_mesh=0x80080168
BENCH,all,0,0,239,60.0,16.67,17.15,58.2,1.14,3.31,1.10,6.6,0,0.0,822
BENCH_PROF,all,0,0,147,513,0,0,0,0
BENCH,objects,1,8,239,60.0,16.67,17.80,56.1,4.27,7.07,2.36,14.2,126,0.0,822
BENCH_PROF,objects,1,8,137,3692,3196,45,459,2378
BENCH,objects,2,16,239,60.0,16.66,19.17,52.2,7.58,9.37,3.59,21.6,253,0.0,822
BENCH_PROF,objects,2,16,137,6550,6041,80,905,4510
BENCH,objects,3,24,239,60.0,16.67,20.39,49.0,10.91,15.36,4.78,28.8,379,0.0,822
BENCH_PROF,objects,3,24,137,9373,8862,116,1332,6628
BENCH,objects,4,32,239,57.9,17.27,22.02,45.4,16.77,22.05,6.00,34.7,506,0.0,822
BENCH_PROF,objects,4,32,138,15311,14807,153,1895,11693
BENCH,objects,5,48,239,39.1,25.61,32.84,30.4,25.60,32.90,8.53,33.4,758,0.0,822
BENCH_PROF,objects,5,48,139,22838,22338,227,2766,17813
BENCH,objects,6,64,239,29.4,33.98,44.01,22.7,33.97,44.30,11.29,33.3,1011,0.0,822
BENCH_PROF,objects,6,64,138,27474,26958,300,3592,20963
BENCH,particles,7,32,239,60.0,16.67,16.84,59.3,2.14,4.14,1.29,7.7,55,0.0,822
BENCH_PROF,particles,7,32,236,1660,2,0,0,2
BENCH,particles,8,64,239,60.0,16.67,16.92,59.0,2.92,4.98,1.38,8.3,117,0.0,822
BENCH_PROF,particles,8,64,319,2353,0,0,0,0
BENCH,particles,9,96,239,60.0,16.67,17.01,58.7,3.75,5.90,1.49,9.0,178,0.0,822
BENCH_PROF,particles,9,96,409,3062,0,0,0,0
BENCH,particles,10,128,239,60.0,16.66,17.04,58.6,4.63,6.85,1.59,9.6,242,0.0,822
BENCH_PROF,particles,10,128,512,3813,0,0,0,0
BENCH,lights,11,0,239,60.0,16.67,19.15,52.2,7.67,11.28,3.61,21.7,253,0.0,822
BENCH_PROF,lights,11,0,138,6558,6044,80,904,4511
BENCH,lights,12,1,239,60.0,16.68,19.17,52.1,7.75,11.41,3.69,22.1,253,0.0,822
BENCH_PROF,lights,12,1,137,6687,6171,80,1035,4509
BENCH,lights,13,2,239,60.0,16.68,19.17,52.2,7.89,11.54,3.69,22.1,253,0.0,822
BENCH_PROF,lights,13,2,137,6814,6299,80,1171,4502
BENCH,lights,14,4,239,60.0,16.67,19.16,52.2,8.13,11.81,3.69,22.0,253,0.0,822
BENCH_PROF,lights,14,4,137,7091,6575,80,1469,4482
BENCH,textures,15,1,239,60.0,16.67,17.64,56.6,5.70,7.49,2.13,12.8,96,16.0,822
BENCH_PROF,textures,15,1,139,5129,4607,109,571,2293
BENCH,textures,16,2,239,60.0,16.67,17.63,56.7,5.84,8.13,2.11,12.6,96,16.0,822
BENCH_PROF,textures,16,2,139,5250,4728,113,579,2370
BENCH,textures,17,4,239,60.0,16.67,17.63,56.7,5.91,8.50,2.11,12.6,96,16.0,822
BENCH_PROF,textures,17,4,142,5283,4757,118,575,2377
BENCH,textures,18,8,239,60.0,16.67,17.63,56.6,6.07,8.66,2.11,12.7,96,16.0,822
BENCH_PROF,textures,18,8,142,5449,4918,118,607,2448
BENCH,shadows,19,0,239,60.0,16.68,19.12,52.2,7.64,11.34,3.74,22.4,253,0.0,822
BENCH_PROF,shadows,19,0,138,6590,6041,80,900,4507
BENCH,shadows,20,1,239,60.0,16.67,20.46,48.9,9.10,13.04,4.92,29.4,285,0.0,822
BENCH_PROF,shadows,20,1,137,7235,5832,77,895,4333
BENCH,shadows,21,2,239,60.0,16.67,21.03,47.5,13.37,17.65,5.40,32.6,509,0.0,822
BENCH_PROF,shadows,21,2,140,11120,5771,74,890,4294
BENCH,fillrate,22,1,239,60.0,16.67,17.13,58.4,1.17,3.36,2.83,17.0,0,0.0,822
BENCH_PROF,fillrate,22,1,146,559,0,0,0,0
BENCH,fillrate,23,2,239,60.0,16.67,17.13,58.1,1.17,3.40,4.53,27.1,0,0.0,822
BENCH_PROF,fillrate,23,2,146,558,0,0,0,0
BENCH,fillrate,24,4,239,60.0,16.67,17.24,58.0,1.14,3.31,7.92,47.5,0,0.0,822
BENCH_PROF,fillrate,24,4,146,565,0,0,0,0
BENCH,fillrate,25,8,239,60.0,16.66,17.14,58.3,1.17,3.42,14.67,88.1,0,0.0,822
BENCH_PROF,fillrate,25,8,146,568,0,0,0,0
BENCH,END,26,138.0
