BENCH_META,build=debug,date=Sep 23 2026 23:27:00,rdram=8388608,benchmark=all,steps=26,warmup=60,measure=240
BENCH_HDR,kind,step,param,frames,fps,avg_ms,p99_ms,low1_fps,cpu_avg_ms,cpu_max_ms,rdp_busy_ms,rdp_busy_pct,tris,tex_uploads,heap_kb
BENCH_PROF_HDR,kind,step,param,update_us,draw_us,objects_us,mesh_cull_us,mesh_light_us,mesh_tris_us
BENCH_LAYOUT,draw_frame=0x807ffcf8,pillar_vtx=0x8016eaa0,pillar_vtx_bytes=1600,pillar_idx=0x80172aa8,pillar_idx_bytes=192
BENCH,all,0,0,239,60.0,16.67,17.56,56.9,1.10,3.64,1.09,6.6,0,0.0,1032
BENCH_PROF,all,0,0,131,466,0,0,0,0
BENCH,objects,1,8,239,60.0,16.66,18.31,54.6,4.52,7.65,2.36,14.2,126,0.0,1032
BENCH_PROF,objects,1,8,127,3849,3381,33,498,2578
BENCH,objects,2,16,239,60.0,16.66,19.58,51.1,7.71,11.97,3.61,21.6,253,0.0,1032
BENCH_PROF,objects,2,16,127,6906,6431,59,959,4915
BENCH,objects,3,24,239,60.0,16.67,20.78,48.1,10.98,16.26,4.81,28.9,379,0.0,1032
BENCH_PROF,objects,3,24,127,9941,9465,86,1406,7247
BENCH,objects,4,32,239,55.4,18.04,23.24,43.0,17.71,23.33,6.01,33.2,506,0.0,1032
BENCH_PROF,objects,4,32,129,16196,15721,116,1998,12620
BENCH,objects,5,48,239,37.2,26.88,34.52,28.9,26.87,34.55,8.50,31.6,758,0.0,1032
BENCH_PROF,objects,5,48,129,23421,22947,174,2873,18445
BENCH,objects,6,64,239,28.1,35.64,45.85,21.8,35.63,45.97,11.35,31.8,1011,0.0,1032
BENCH_PROF,objects,6,64,130,30904,30427,228,4118,24150
BENCH,particles,7,32,239,60.0,16.67,17.26,57.9,2.22,4.56,1.28,7.7,55,0.0,1032
BENCH_PROF,particles,7,32,227,1643,2,0,0,2
BENCH,particles,8,64,239,60.0,16.66,17.25,58.0,3.08,5.36,1.37,8.2,117,0.0,1032
BENCH_PROF,particles,8,64,331,2381,0,0,0,0
BENCH,particles,9,96,239,60.0,16.67,17.53,56.9,3.89,6.24,1.49,8.9,178,0.0,1032
BENCH_PROF,particles,9,96,416,3083,0,0,0,0
BENCH,particles,10,128,239,60.0,16.67,17.47,57.0,4.75,6.92,1.59,9.6,242,0.0,1032
BENCH_PROF,particles,10,128,503,3834,0,0,0,0
BENCH,lights,11,0,239,60.0,16.67,19.59,51.0,7.93,11.87,3.62,21.7,253,0.0,1032
BENCH_PROF,lights,11,0,127,6919,6434,59,947,4935
BENCH,lights,12,1,239,60.0,16.66,19.59,51.0,7.90,11.92,3.62,21.7,253,0.0,1032
BENCH_PROF,lights,12,1,128,7030,6546,59,1064,4930
BENCH,lights,13,2,239,60.0,16.68,19.59,51.0,7.99,12.39,3.70,22.1,253,0.0,1032
BENCH_PROF,lights,13,2,127,7152,6667,59,1191,4923
BENCH,lights,14,4,239,60.0,16.67,19.58,51.1,8.39,12.34,3.62,21.7,253,0.0,1032
BENCH_PROF,lights,14,4,127,7407,6922,59,1458,4912
BENCH,textures,15,1,239,60.0,16.67,18.11,55.2,5.80,8.71,2.10,12.6,96,16.0,1032
BENCH_PROF,textures,15,1,131,5167,4681,64,661,2295
BENCH,textures,16,2,239,60.0,16.67,18.10,55.2,5.82,8.76,2.14,12.8,96,16.0,1032
BENCH_PROF,textures,16,2,133,5199,4708,61,665,2308
BENCH,textures,17,4,239,60.0,16.67,18.12,55.2,5.92,8.79,2.12,12.7,96,16.0,1032
BENCH_PROF,textures,17,4,134,5289,4795,60,669,2386
BENCH,textures,18,8,239,60.0,16.67,18.11,55.2,6.04,8.96,2.10,12.6,96,16.0,1032
BENCH_PROF,textures,18,8,135,5393,4897,64,691,2412
BENCH,shadows,19,0,239,60.0,16.66,19.58,51.0,8.07,11.97,3.66,22.0,253,0.0,1032
BENCH_PROF,shadows,19,0,128,6972,6434,59,940,4930
BENCH,shadows,20,1,239,60.0,16.67,20.80,48.0,9.00,14.03,4.94,29.5,285,0.0,1032
BENCH_PROF,shadows,20,1,126,7589,6253,58,965,4751
BENCH,shadows,21,2,239,60.0,16.67,21.47,46.6,13.20,18.61,5.44,32.7,509,0.0,1032
BENCH_PROF,shadows,21,2,129,11600,6168,55,929,4716
BENCH,fillrate,22,1,239,60.0,16.66,17.52,57.1,1.14,3.73,2.83,17.0,0,0.0,1032
BENCH_PROF,fillrate,22,1,132,514,0,0,0,0
BENCH,fillrate,23,2,239,60.0,16.67,17.52,57.1,1.15,3.74,4.51,27.0,0,0.0,1032
BENCH_PROF,fillrate,23,2,133,516,0,0,0,0
BENCH,fillrate,24,4,239,60.0,16.67,17.51,57.1,1.15,3.74,7.92,47.6,0,0.0,1032
BENCH_PROF,fillrate,24,4,132,526,0,0,0,0
BENCH,fillrate,25,8,239,60.0,16.67,17.55,56.8,1.14,3.79,14.70,88.3,0,0.0,1032
BENCH_PROF,fillrate,25,8,133,523,0,0,0,0
BENCH,END,26,139.1
