BENCH_META,build=debug,date=Sep 24 2026 19:07:52,rdram=8388608,benchmark=all,steps=26,warmup=60,measure=240
BENCH_HDR,kind,step,param,frames,fps,avg_ms,p99_ms,low1_fps,cpu_avg_ms,cpu_max_ms,rdp_busy_ms,rdp_busy_pct,tris,tex_uploads,heap_kb
BENCH_PROF_HDR,kind,step,param,update_us,draw_us,objects_us,mesh_cull_us,mesh_light_us,mesh_tris_us,audio_us,menu_us,hud_us,dialog_us
BENCH_LAYOUT,draw_frame=0x807ffcb8,pillar_vtx=0x80189330,pillar_vtx_bytes=1600,pillar_idx=0x80189970,pillar_idx_bytes=192,pillar_mesh=0x8008bc00
BENCH,all,0,0,239,60.0,16.67,16.91,59.1,0.87,2.98,0.95,5.7,0,0.0,931
BENCH_PROF,all,0,0,153,454,0,0,0,0,79,0,408,0
BENCH,objects,1,8,239,60.0,16.67,16.85,59.3,4.13,6.23,2.20,13.2,126,0.0,931
BENCH_PROF,objects,1,8,135,3776,3316,38,500,2438,82,0,408,0
BENCH,objects,2,16,239,60.0,16.67,16.83,59.4,7.11,9.17,3.45,20.7,253,0.0,931
BENCH_PROF,objects,2,16,136,6753,6282,68,965,4619,82,0,423,0
BENCH,objects,3,24,239,60.0,16.67,16.83,59.4,10.06,12.14,4.64,27.8,379,0.0,931
BENCH_PROF,objects,3,24,136,9685,9213,97,1424,6776,82,0,423,0
BENCH,objects,4,32,239,56.9,17.58,17.90,55.7,17.03,17.98,5.88,33.3,506,0.0,931
BENCH_PROF,objects,4,32,136,13739,13262,133,1922,9832,3030,0,430,0
BENCH,objects,5,48,239,38.2,26.19,26.45,37.8,26.17,26.45,8.44,32.2,758,0.0,931
BENCH_PROF,objects,5,48,137,19608,19133,193,2844,14297,6241,0,426,0
BENCH,objects,6,64,239,28.7,34.78,35.09,28.5,34.77,35.18,11.00,31.7,1011,0.0,931
BENCH_PROF,objects,6,64,137,24641,24168,254,3784,17762,9717,0,420,0
BENCH,particles,7,32,239,60.0,16.67,16.93,59.0,2.15,4.22,1.11,6.6,55,0.0,931
BENCH_PROF,particles,7,32,238,1664,2,0,0,1,83,0,444,0
BENCH,particles,8,64,239,60.0,16.67,16.93,58.9,3.01,5.07,1.20,7.2,117,0.0,931
BENCH_PROF,particles,8,64,321,2433,0,0,0,0,84,0,441,0
BENCH,particles,9,96,239,60.0,16.67,16.92,59.0,3.88,5.94,1.30,7.8,178,0.0,931
BENCH_PROF,particles,9,96,406,3210,0,0,0,0,85,0,451,0
BENCH,particles,10,128,239,60.0,16.67,16.91,59.0,4.78,6.89,1.41,8.5,242,0.0,931
BENCH_PROF,particles,10,128,493,4014,0,0,0,0,86,0,471,0
BENCH,lights,11,0,239,60.0,16.67,16.82,59.4,7.11,9.16,3.46,20.8,253,0.0,931
BENCH_PROF,lights,11,0,136,6756,6283,67,968,4618,82,0,422,0
BENCH,lights,12,1,239,60.0,16.67,16.83,59.3,7.23,9.32,3.46,20.8,253,0.0,931
BENCH_PROF,lights,12,1,136,6879,6403,68,1099,4604,84,0,426,0
BENCH,lights,13,2,239,60.0,16.67,16.84,59.4,7.36,9.44,3.46,20.8,253,0.0,931
BENCH_PROF,lights,13,2,136,7009,6533,68,1240,4599,84,0,427,0
BENCH,lights,14,4,239,60.0,16.67,16.87,59.2,7.68,9.76,3.46,20.8,253,0.0,931
BENCH_PROF,lights,14,4,136,7331,6855,68,1565,4576,85,0,426,0
BENCH,textures,15,1,239,60.0,16.67,16.84,59.4,5.37,7.42,1.94,11.7,96,16.0,931
BENCH_PROF,textures,15,1,140,4979,4507,130,647,2090,86,0,420,0
BENCH,textures,16,2,239,60.0,16.67,16.84,59.3,5.55,7.58,1.95,11.7,96,16.0,931
BENCH_PROF,textures,16,2,140,5153,4674,131,652,2176,86,0,425,0
BENCH,textures,17,4,239,60.0,16.67,16.88,59.2,5.57,7.61,1.94,11.7,96,16.0,931
BENCH_PROF,textures,17,4,146,5172,4692,137,666,2192,85,0,426,0
BENCH,textures,18,8,239,60.0,16.67,16.83,59.4,5.63,7.66,1.94,11.6,96,16.0,931
BENCH_PROF,textures,18,8,145,5228,4744,138,678,2219,85,0,430,0
BENCH,shadows,19,0,239,60.0,16.67,16.81,59.5,7.15,9.17,3.50,21.0,253,0.0,931
BENCH_PROF,shadows,19,0,136,6788,6283,68,965,4612,84,0,457,0
BENCH,shadows,20,1,239,60.0,16.67,16.85,59.3,7.86,9.93,4.67,28.0,285,0.0,931
BENCH_PROF,shadows,20,1,136,7506,6058,66,955,4426,83,0,461,0
BENCH,shadows,21,2,239,60.0,16.67,16.85,59.3,12.15,14.19,5.27,31.6,509,0.0,931
BENCH_PROF,shadows,21,2,138,11793,6011,62,947,4412,83,0,462,0
BENCH,fillrate,22,1,239,60.0,16.67,16.90,59.1,0.92,3.11,2.67,16.0,0,0.0,931
BENCH_PROF,fillrate,22,1,153,506,0,0,0,0,79,0,444,0
BENCH,fillrate,23,2,239,60.0,16.67,16.90,59.2,0.92,3.06,4.35,26.1,0,0.0,931
BENCH_PROF,fillrate,23,2,153,505,0,0,0,0,79,0,444,0
BENCH,fillrate,24,4,239,60.0,16.67,16.89,59.2,0.92,3.06,7.73,46.4,0,0.0,931
BENCH_PROF,fillrate,24,4,151,513,0,0,0,0,78,0,445,0
BENCH,fillrate,25,8,239,60.0,16.67,16.89,59.2,0.93,3.11,14.52,87.1,0,0.0,931
BENCH_PROF,fillrate,25,8,153,518,0,0,0,0,81,0,447,0
BENCH,END,26,138.5
