BENCH_META,build=debug,date=Sep 25 2026 22:43:35,rdram=8388608,benchmark=audio,steps=8,warmup=60,measure=240,heap_pad=0,layout_pad=0
BENCH_HDR,kind,step,param,frames,fps,avg_ms,p99_ms,low1_fps,cpu_avg_ms,cpu_max_ms,rdp_busy_ms,rdp_busy_pct,tris,tex_uploads,heap_kb
BENCH_PRESENT_HDR,kind,step,param,presents,vb1,vb2,vb3,vb4plus,late,avg_vblanks,torn,torn_worst_halfline,lag_avg_vblanks,lag_min,lag_max
BENCH_PROF_HDR,kind,step,param,update_us,draw_us,objects_us,mesh_cull_us,mesh_light_us,mesh_tris_us,audio_us,menu_us,hud_us,dialog_us,input_us,wait_input_us,particle_us,rsp_wait_us,audio_wait_us
BENCH_RSPSTATE_HDR,kind,step,param,polls,rsp_running,rdp_busy,rdp_behind,starved
BENCH_INPUT_HDR,kind,step,param,sync,pacing,fresh_pct,read_us,wait_us,wait_max_us,timeouts,auto_skips
BENCH_LAYOUT,draw_frame=0x807ffd78,pillar_vtx=0x801bc520,pillar_vtx_bytes=1600,pillar_idx=0x801bcb60,pillar_idx_bytes=192,pillar_mesh=0x800a3348
BENCH_LAYOUT,rspq=0xa0153414,rdp_buf0=0xa0126d60,rdp_buf1=0xa0136d80,zbuf=0xa07ca800,fb0=0xa00b4440,fb1=0xa00d9c80,fb2=0xa00ff4c0
BENCH,audio,0,20,239,60.0,16.67,16.76,59.6,7.51,9.59,5.56,33.3,453,0.0,1145
BENCH_PRESENT,audio,0,20,239,239,0,0,0,0,1.000,0,0,2.000,2,2
BENCH_PROF,audio,0,20,109,7035,4817,64,818,3552,89,0,477,0,78,377,5,0,0
BENCH_RSPSTATE,audio,0,20,239,0,0,0,0
BENCH_INPUT,audio,0,20,auto,throughput,100.0,484,377,450,0,0
BENCH,audio,1,100,239,60.0,16.66,17.52,57.0,8.05,10.27,5.56,33.4,453,0.0,1147
BENCH_PRESENT,audio,1,100,239,239,0,0,0,0,1.000,0,0,2.000,2,2
BENCH_PROF,audio,1,100,110,7047,4820,63,817,3555,601,0,486,0,79,465,5,0,0
BENCH_RSPSTATE,audio,1,100,239,239,0,0,0
BENCH_INPUT,audio,1,100,auto,throughput,100.0,483,465,468,0,0
BENCH,audio,2,120,239,60.0,16.67,17.11,58.4,8.02,10.37,5.56,33.4,453,0.0,1147
BENCH_PRESENT,audio,2,120,239,239,0,0,0,0,1.000,0,0,2.000,2,2
BENCH_PROF,audio,2,120,110,7049,4820,63,818,3554,576,0,486,0,84,123,5,0,0
BENCH_RSPSTATE,audio,2,120,239,0,0,0,0
BENCH_INPUT,audio,2,120,auto,throughput,100.0,486,123,444,0,0
BENCH,audio,3,200,239,60.0,16.67,17.34,57.3,7.88,10.14,5.56,33.4,453,0.0,1152
BENCH_PRESENT,audio,3,200,239,239,0,0,0,0,1.000,0,0,2.000,2,2
BENCH_PROF,audio,3,200,110,7052,4823,64,819,3555,438,0,486,0,80,464,5,0,0
BENCH_RSPSTATE,audio,3,200,239,239,0,0,0
BENCH_INPUT,audio,3,200,auto,throughput,100.0,482,464,466,0,0
BENCH,audio,4,210,239,60.0,16.67,16.77,59.5,7.89,10.17,5.57,33.4,453,0.0,1152
BENCH_PRESENT,audio,4,210,239,239,0,0,0,0,1.000,0,0,2.000,2,2
BENCH_PROF,audio,4,210,110,7052,4822,63,819,3554,448,0,487,0,80,464,5,0,0
BENCH_RSPSTATE,audio,4,210,239,239,231,0,0
BENCH_INPUT,audio,4,210,auto,throughput,100.0,482,464,467,0,0
BENCH,audio,5,220,239,60.0,16.67,16.90,59.2,7.87,10.14,5.56,33.4,453,0.0,1152
BENCH_PRESENT,audio,5,220,239,239,0,0,0,0,1.000,0,0,2.000,2,2
BENCH_PROF,audio,5,220,110,7054,4826,64,820,3555,408,0,486,0,80,126,5,0,0
BENCH_RSPSTATE,audio,5,220,239,0,0,0,0
BENCH_INPUT,audio,5,220,auto,throughput,100.0,487,123,443,0,0
BENCH,audio,6,201,239,60.0,16.67,18.17,55.0,8.30,10.74,5.57,33.4,453,0.0,1160
BENCH_PRESENT,audio,6,201,239,239,0,0,0,0,1.000,0,0,2.000,2,2
BENCH_PROF,audio,6,201,132,7058,4824,63,818,3556,839,0,487,0,81,462,5,0,0
BENCH_RSPSTATE,audio,6,201,239,239,0,0,0
BENCH_INPUT,audio,6,201,auto,throughput,100.0,484,463,473,0,0
BENCH,audio,7,221,239,60.0,16.67,17.58,56.6,8.29,11.12,5.56,33.4,453,0.0,1160
BENCH_PRESENT,audio,7,221,239,239,0,0,0,0,1.000,0,0,2.000,2,2
BENCH_PROF,audio,7,221,133,7065,4828,64,818,3557,807,0,487,0,80,124,5,0,0
BENCH_RSPSTATE,audio,7,221,239,46,74,61,0
BENCH_INPUT,audio,7,221,auto,throughput,100.0,487,120,429,0,0
BENCH,END,8,40.0
