BENCH_META,build=debug,date=Sep 23 2026 23:41:34,rdram=8388608,benchmark=layout,steps=12,warmup=60,measure=240
BENCH_HDR,kind,step,param,frames,fps,avg_ms,p99_ms,low1_fps,cpu_avg_ms,cpu_max_ms,rdp_busy_ms,rdp_busy_pct,tris,tex_uploads,heap_kb
BENCH_PROF_HDR,kind,step,param,update_us,draw_us,objects_us,mesh_cull_us,mesh_light_us,mesh_tris_us
BENCH_LAYOUT,draw_frame=0x807ffcf0,pillar_vtx=0x8014f5b0,pillar_vtx_bytes=1600,pillar_idx=0x8014fbf0,pillar_idx_bytes=192,pillar_mesh=0x800757d0
BENCH_LAYOUT,variant=1,vtx=0x80152000,idx=0x80152640,mesh=0x80078c88,reversed=0
BENCH_LAYOUT,variant=2,vtx=0x80152800,idx=0x80152e40,mesh=0x80078fa4,reversed=0
BENCH_LAYOUT,variant=3,vtx=0x80153000,idx=0x80153640,mesh=0x800792c0,reversed=0
BENCH_LAYOUT,variant=4,vtx=0x80153800,idx=0x80153e40,mesh=0x800795dc,reversed=0
BENCH_LAYOUT,variant=5,vtx=0x80154000,idx=0x80154640,mesh=0x800798f8,reversed=1
BENCH,layout,0,32,239,54.7,18.29,23.58,42.0,18.04,23.95,6.13,33.3,506,0.0,844
BENCH_PROF,layout,0,32,139,15866,15270,117,1980,11702
BENCH,layout,1,1032,239,58.1,17.22,22.49,44.0,16.75,22.83,6.16,35.7,506,0.0,844
BENCH_PROF,layout,1,1032,147,14626,14021,172,1847,10687
BENCH,layout,2,2032,239,59.1,16.92,22.15,45.1,16.12,22.19,6.15,36.3,506,0.0,844
BENCH_PROF,layout,2,2032,141,13781,13179,117,1737,10159
BENCH,layout,3,3032,239,58.5,17.11,22.34,44.7,16.64,22.43,6.16,35.8,506,0.0,844
BENCH_PROF,layout,3,3032,140,14598,13993,117,1801,10822
BENCH,layout,4,4032,239,56.3,17.76,22.99,43.5,17.39,23.01,6.16,34.6,506,0.0,844
BENCH_PROF,layout,4,4032,142,15316,14707,126,1769,11529
BENCH,layout,5,5032,239,55.6,17.98,23.23,42.7,17.69,23.51,6.15,34.1,506,0.0,844
BENCH_PROF,layout,5,5032,143,15464,14856,125,2070,11146
BENCH,layout,6,64,239,27.8,35.97,46.09,21.7,35.96,46.21,11.03,30.8,1011,0.0,844
BENCH_PROF,layout,6,64,141,26775,26174,230,3553,19728
BENCH,layout,7,1064,239,29.6,33.77,44.03,22.7,33.76,44.29,11.09,33.0,1011,0.0,844
BENCH_PROF,layout,7,1064,147,25570,24961,337,3557,18486
BENCH,layout,8,2064,239,30.2,33.16,43.34,23.0,33.15,43.62,11.17,34.0,1011,0.0,844
BENCH_PROF,layout,8,2064,143,26943,26332,227,3598,20217
BENCH,layout,9,3064,239,29.9,33.50,43.69,22.8,33.49,43.99,11.40,33.9,1011,0.0,844
BENCH_PROF,layout,9,3064,143,24927,24315,226,3606,18022
BENCH,layout,10,4064,239,28.7,34.89,45.04,22.2,34.88,45.12,11.40,32.6,1011,0.0,844
BENCH_PROF,layout,10,4064,141,25966,25347,242,3410,19176
BENCH,layout,11,5064,239,28.3,35.35,45.43,21.9,35.34,45.92,11.39,32.2,1011,0.0,844
BENCH_PROF,layout,11,5064,143,26161,25549,246,3947,18327
BENCH,END,12,93.6
