BENCH_META,build=debug,date=Sep 25 2026 19:58:23,rdram=8388608,benchmark=mesh,steps=18,warmup=60,measure=240,heap_pad=0,layout_pad=0
BENCH_HDR,kind,step,param,frames,fps,avg_ms,p99_ms,low1_fps,cpu_avg_ms,cpu_max_ms,rdp_busy_ms,rdp_busy_pct,tris,tex_uploads,heap_kb
BENCH_PRESENT_HDR,kind,step,param,presents,vb1,vb2,vb3,vb4plus,late,avg_vblanks,torn,torn_worst_halfline,lag_avg_vblanks,lag_min,lag_max
BENCH_PROF_HDR,kind,step,param,update_us,draw_us,objects_us,mesh_cull_us,mesh_light_us,mesh_tris_us,audio_us,menu_us,hud_us,dialog_us,input_us,wait_input_us,particle_us,rsp_wait_us
BENCH_INPUT_HDR,kind,step,param,sync,pacing,fresh_pct,read_us,wait_us,wait_max_us,timeouts,auto_skips
BENCH_LAYOUT,draw_frame=0x807ffd88,pillar_vtx=0x80182520,pillar_vtx_bytes=1600,pillar_idx=0x80182b60,pillar_idx_bytes=192,pillar_mesh=0x8009f228
BENCH_LAYOUT,rspq=0xa01219b0,rdp_buf0=0xa0122c60,rdp_buf1=0xa0132c80,zbuf=0xa07ca800,fb0=0xa00b0340,fb1=0xa00d5b80,fb2=0xa00fb3c0
BENCH,mesh,0,16,239,60.0,16.67,16.78,59.6,6.56,8.65,3.37,20.2,253,0.0,953
BENCH_PRESENT,mesh,0,16,239,239,0,0,0,0,1.000,0,0,2.000,2,2
BENCH_PROF,mesh,0,16,106,6114,5702,67,797,4353,93,0,347,0,75,377,5,96
BENCH_INPUT,mesh,0,16,auto,throughput,100.0,487,378,459,0,0
BENCH,mesh,1,1016,239,60.0,16.67,16.79,59.5,4.18,6.19,0.96,5.8,253,0.0,953
BENCH_PRESENT,mesh,1,1016,239,239,0,0,0,0,1.000,0,0,2.000,2,2
BENCH_PROF,mesh,1,1016,106,3736,3254,66,810,1937,91,0,418,0,74,378,5,14
BENCH_INPUT,mesh,1,1016,auto,throughput,100.0,487,379,459,0,0
BENCH,mesh,2,2016,239,55.1,18.14,19.50,51.1,18.12,19.62,1.91,10.5,467,0.0,953
BENCH_PRESENT,mesh,2,2016,239,218,21,0,0,21,1.088,0,0,2.138,2,3
BENCH_PROF,mesh,2,2016,130,17070,16643,77,3704,16088,735,0,360,0,80,3,7,694
BENCH_INPUT,mesh,2,2016,auto,throughput,95.8,492,3,4,0,10
BENCH,mesh,3,3016,239,60.0,16.67,16.85,59.3,13.02,15.02,0.95,5.7,467,0.0,953
BENCH_PRESENT,mesh,3,3016,239,239,0,0,0,0,1.000,0,0,3.000,3,3
BENCH_PROF,mesh,3,3016,111,12607,12128,75,3749,11615,89,0,413,0,69,3,5,14
BENCH_INPUT,mesh,3,3016,auto,throughput,0.0,-1,3,4,0,239
BENCH,mesh,4,4016,239,60.0,16.67,16.80,59.5,9.90,11.97,2.52,15.1,271,5.0,953
BENCH_PRESENT,mesh,4,4016,239,239,0,0,0,0,1.000,0,0,2.000,2,2
BENCH_PROF,mesh,4,4016,112,9457,8941,71,1734,7485,90,0,449,0,75,379,7,14
BENCH_INPUT,mesh,4,4016,auto,throughput,100.0,488,378,461,0,0
BENCH,mesh,5,5016,239,60.0,16.67,16.83,59.4,11.25,13.40,2.52,15.1,271,5.0,953
BENCH_PRESENT,mesh,5,5016,239,239,0,0,0,0,1.000,0,0,2.000,2,2
BENCH_PROF,mesh,5,5016,112,10817,10322,71,1637,8831,90,0,430,0,75,379,6,13
BENCH_INPUT,mesh,5,5016,auto,throughput,100.0,488,378,459,0,0
BENCH,mesh,6,32,239,60.0,16.67,16.91,59.1,11.92,14.09,5.76,34.6,506,0.0,953
BENCH_PRESENT,mesh,6,32,239,239,0,0,0,0,1.000,0,0,3.000,3,3
BENCH_PROF,mesh,6,32,118,11479,11061,133,1574,8430,112,0,348,0,74,4,5,110
BENCH_INPUT,mesh,6,32,auto,throughput,0.0,-1,4,24,0,239
BENCH,mesh,7,1032,239,60.0,16.67,16.77,59.6,7.31,9.29,0.95,5.7,506,0.0,953
BENCH_PRESENT,mesh,7,1032,239,239,0,0,0,0,1.000,0,0,2.000,2,2
BENCH_PROF,mesh,7,1032,106,6880,6405,125,1602,3850,92,0,410,0,74,377,5,14
BENCH_INPUT,mesh,7,1032,auto,throughput,100.0,488,379,461,0,0
BENCH,mesh,8,2032,239,28.1,35.60,35.98,27.8,35.58,36.09,2.87,8.0,935,0.0,953
BENCH_PRESENT,mesh,8,2032,239,0,206,33,0,239,2.138,0,0,3.201,3,4
BENCH_PROF,mesh,8,2032,133,33350,32918,148,7353,31851,1932,0,364,0,77,3,7,1801
BENCH_INPUT,mesh,8,2032,auto,throughput,94.6,516,3,4,0,13
BENCH,mesh,9,3032,239,39.6,25.27,27.29,36.6,25.25,27.32,0.97,3.8,935,0.0,953
BENCH_PRESENT,mesh,9,3032,239,115,124,0,0,124,1.519,0,0,2.544,2,3
BENCH_PROF,mesh,9,3032,120,24779,24277,148,7504,23300,123,0,424,0,78,3,7,21
BENCH_INPUT,mesh,9,3032,auto,throughput,97.9,500,3,4,0,5
BENCH,mesh,10,4032,239,45.3,22.07,22.46,44.5,22.06,22.46,3.89,17.6,554,10.0,953
BENCH_PRESENT,mesh,10,4032,239,161,78,0,0,78,1.326,0,0,2.389,2,3
BENCH_PROF,mesh,10,4032,119,19170,18629,140,3655,15806,2577,0,453,0,77,4,7,2634
BENCH_INPUT,mesh,10,4032,auto,throughput,96.7,500,4,4,0,8
BENCH,mesh,11,5032,239,43.2,23.16,24.59,40.6,23.15,24.70,3.95,17.0,554,10.0,953
BENCH_PRESENT,mesh,11,5032,239,145,94,0,0,94,1.393,0,0,2.452,2,3
BENCH_PROF,mesh,11,5032,120,22125,21597,144,3464,18680,653,0,458,0,79,4,8,552
BENCH_INPUT,mesh,11,5032,auto,throughput,95.8,502,4,4,0,10
BENCH,mesh,12,64,239,30.6,32.63,32.94,30.3,32.62,32.97,10.92,33.6,1011,0.0,953
BENCH_PRESENT,mesh,12,64,239,11,228,0,0,228,1.954,0,0,3.008,2,4
BENCH_PROF,mesh,12,64,129,22534,22097,251,3144,16915,9605,0,363,0,73,3,7,9862
BENCH_INPUT,mesh,12,64,auto,throughput,97.5,517,3,4,0,6
BENCH,mesh,13,1064,239,60.0,16.67,16.87,59.2,13.58,15.60,0.96,5.7,1011,0.0,953
BENCH_PRESENT,mesh,13,1064,239,239,0,0,0,0,1.000,0,0,3.000,3,3
BENCH_PROF,mesh,13,1064,107,13119,12637,244,3169,7613,93,0,414,0,68,3,5,15
BENCH_INPUT,mesh,13,1064,auto,throughput,0.0,-1,3,4,0,239
BENCH,mesh,14,2064,239,15.0,66.62,68.66,14.6,66.60,68.71,3.87,5.8,1867,0.0,953
BENCH_PRESENT,mesh,14,2064,239,0,0,2,237,239,4.000,0,0,5.038,5,6
BENCH_PROF,mesh,14,2064,112,66038,65594,291,14645,63519,254,0,375,0,89,3,7,55
BENCH_INPUT,mesh,14,2064,auto,throughput,96.2,513,3,4,0,9
BENCH,mesh,15,3064,239,20.2,49.42,51.40,19.4,49.41,51.50,0.98,2.0,1867,0.0,953
BENCH_PRESENT,mesh,15,3064,239,0,9,230,0,239,2.962,0,0,4.004,4,5
BENCH_PROF,mesh,15,3064,121,48885,48384,285,14927,46478,202,0,422,0,80,3,7,44
BENCH_INPUT,mesh,15,3064,auto,throughput,97.5,506,3,4,0,6
BENCH,mesh,16,4064,239,26.1,38.28,39.19,25.5,38.26,39.32,7.21,18.9,1084,21.0,953
BENCH_PRESENT,mesh,16,4064,239,0,168,71,0,239,2.297,0,0,3.389,3,4
BENCH_PROF,mesh,16,4064,120,37012,36462,274,7081,30760,820,0,477,0,79,3,8,1028
BENCH_INPUT,mesh,16,4064,auto,throughput,97.1,519,3,4,0,6
BENCH,mesh,17,5064,239,23.4,42.80,44.74,22.3,42.78,44.86,6.51,15.2,1084,21.0,953
BENCH_PRESENT,mesh,17,5064,239,0,103,136,0,239,2.569,0,0,3.586,3,4
BENCH_PROF,mesh,17,5064,125,42311,41796,275,6680,35943,182,0,447,0,83,3,8,36
BENCH_INPUT,mesh,17,5064,auto,throughput,97.5,517,4,23,0,6
BENCH,END,18,146.2
