BENCH_SETTLE,start,0.2 s after reset,measuring from 15 s
BENCH_META,build=debug,date=Sep 24 2026 20:18:36,rdram=8388608,benchmark=all,steps=26,warmup=60,measure=240
BENCH_HDR,kind,step,param,frames,fps,avg_ms,p99_ms,low1_fps,cpu_avg_ms,cpu_max_ms,rdp_busy_ms,rdp_busy_pct,tris,tex_uploads,heap_kb
BENCH_PRESENT_HDR,kind,step,param,presents,vb1,vb2,vb3,vb4plus,late,avg_vblanks
BENCH_PROF_HDR,kind,step,param,update_us,draw_us,objects_us,mesh_cull_us,mesh_light_us,mesh_tris_us,audio_us,menu_us,hud_us,dialog_us
BOOT_HDR,sec,frames,frame_ms,wait_ms,update_ms,draw_ms,audio_ms,rdp_ms
BOOT,0,63,16.15,15.14,0.07,0.55,0.09,0.72
BOOT,1,60,16.67,15.70,0.07,0.55,0.09,1.21
BOOT,2,61,16.67,15.70,0.07,0.55,0.09,1.29
BOOT,3,60,16.67,15.70,0.07,0.55,0.09,1.31
BOOT,4,60,16.67,15.70,0.07,0.55,0.09,1.30
BOOT,5,61,16.67,15.70,0.07,0.55,0.09,1.31
BOOT,6,60,16.67,15.71,0.07,0.54,0.09,1.30
BOOT,7,61,16.66,15.77,0.07,0.51,0.08,1.27
BOOT,8,61,16.67,15.94,0.06,0.41,0.07,1.00
BOOT,9,61,16.66,15.93,0.06,0.41,0.07,0.91
BOOT,10,60,16.67,15.93,0.06,0.41,0.07,0.90
BOOT,11,61,16.67,15.94,0.06,0.41,0.07,0.90
BOOT,12,61,16.67,15.94,0.06,0.41,0.07,0.90
BOOT,13,61,16.67,15.93,0.06,0.41,0.07,0.90
BENCH_SETTLE,done
BOOT,14,60,16.67,15.86,0.11,0.43,0.07,0.90
BOOT,15,61,16.66,15.78,0.14,0.46,0.07,0.93
BOOT,16,61,16.67,15.78,0.15,0.46,0.07,0.93
BOOT,17,60,16.67,15.78,0.14,0.47,0.07,0.93
BOOT,18,61,16.66,15.78,0.15,0.46,0.07,0.94
BENCH_LAYOUT,draw_frame=0x807ffc80,pillar_vtx=0x80146db0,pillar_vtx_bytes=1600,pillar_idx=0x801473f0,pillar_idx_bytes=192,pillar_mesh=0x80093ea8
BENCH,all,0,0,239,60.0,16.67,16.86,59.3,0.89,2.97,0.93,5.6,0,0.0,799
BENCH_PRESENT,all,0,0,239,239,0,0,0,0,1.000
BENCH_PROF,all,0,0,153,464,0,0,0,0,66,0,418,0
BOOT,19,60,16.72,14.44,0.25,1.75,0.07,1.10
BENCH,objects,1,8,239,60.0,16.67,16.88,59.2,3.92,5.98,2.20,13.2,126,0.0,799
BENCH_PRESENT,objects,1,8,239,239,0,0,0,0,1.000
BENCH_PROF,objects,1,8,139,3567,3108,38,442,2338,68,0,410,0
BENCH,objects,2,16,239,60.0,16.67,16.81,59.5,6.68,8.81,3.44,20.7,253,0.0,799
BENCH_PRESENT,objects,2,16,239,239,0,0,0,0,1.000
BENCH_PROF,objects,2,16,139,6333,5860,68,848,4408,72,0,428,0
BENCH,objects,3,24,239,60.0,16.67,16.88,59.2,9.40,11.52,4.64,27.9,379,0.0,799
BENCH_PRESENT,objects,3,24,239,239,0,0,0,0,1.000
BENCH_PROF,objects,3,24,140,9042,8575,96,1255,6454,72,0,422,0
BENCH,objects,4,32,239,60.0,16.67,16.85,59.3,12.38,15.72,5.85,35.1,506,0.0,799
BENCH_PRESENT,objects,4,32,239,239,0,0,0,0,1.000
BENCH_PROF,objects,4,32,140,12047,11570,126,1673,8710,709,0,429,0
BENCH,objects,5,48,239,40.3,24.80,25.00,39.8,24.79,25.14,8.44,34.0,758,0.0,799
BENCH_PRESENT,objects,5,48,240,123,117,0,0,117,1.487
BENCH_PROF,objects,5,48,141,18525,18043,189,2494,13854,5988,0,434,0
BENCH,objects,6,64,239,30.4,32.94,33.22,30.1,32.93,33.23,11.00,33.5,1011,0.0,799
BENCH_PRESENT,objects,6,64,238,5,233,0,0,233,1.979
BENCH_PROF,objects,6,64,141,22829,22356,248,3322,16799,9733,0,425,0
BENCH,particles,7,32,239,60.0,16.67,16.91,59.0,2.07,4.12,1.10,6.6,55,0.0,799
BENCH_PRESENT,particles,7,32,239,239,0,0,0,0,1.000
BENCH_PROF,particles,7,32,224,1614,2,0,0,1,69,0,447,0
BENCH,particles,8,64,239,60.0,16.67,16.96,58.9,2.81,4.86,1.19,7.2,117,0.0,799
BENCH_PRESENT,particles,8,64,239,239,0,0,0,0,1.000
BENCH_PROF,particles,8,64,307,2264,0,0,0,0,69,0,444,0
BENCH,particles,9,96,239,60.0,16.67,16.90,59.1,3.56,5.60,1.29,7.8,178,0.0,799
BENCH_PRESENT,particles,9,96,239,239,0,0,0,0,1.000
BENCH_PROF,particles,9,96,394,2928,0,0,0,0,70,0,456,0
BENCH,particles,10,128,239,60.0,16.67,16.89,59.1,4.35,6.46,1.40,8.4,242,0.0,799
BENCH_PRESENT,particles,10,128,239,239,0,0,0,0,1.000
BENCH_PROF,particles,10,128,484,3623,0,0,0,0,71,0,470,0
BENCH,lights,11,0,239,60.0,16.67,16.84,59.3,6.68,8.78,3.46,20.8,253,0.0,799
BENCH_PRESENT,lights,11,0,239,239,0,0,0,0,1.000
BENCH_PROF,lights,11,0,139,6332,5859,67,852,4406,68,0,426,0
BENCH,lights,12,1,239,60.0,16.67,16.82,59.4,6.80,8.94,3.46,20.8,253,0.0,799
BENCH_PRESENT,lights,12,1,239,239,0,0,0,0,1.000
BENCH_PROF,lights,12,1,139,6462,5984,67,984,4400,68,0,430,0
BENCH,lights,13,2,239,60.0,16.67,16.85,59.3,6.94,9.03,3.46,20.8,253,0.0,799
BENCH_PRESENT,lights,13,2,239,239,0,0,0,0,1.000
BENCH_PROF,lights,13,2,139,6601,6122,68,1126,4400,70,0,431,0
BENCH,lights,14,4,239,60.0,16.67,16.85,59.3,7.29,9.38,3.46,20.8,253,0.0,799
BENCH_PRESENT,lights,14,4,239,239,0,0,0,0,1.000
BENCH_PROF,lights,14,4,139,6948,6470,67,1470,4382,70,0,430,0
BENCH,textures,15,1,239,60.0,16.67,16.80,59.5,5.25,7.30,1.94,11.6,96,16.0,799
BENCH_PRESENT,textures,15,1,239,239,0,0,0,0,1.000
BENCH_PROF,textures,15,1,140,4872,4399,91,570,2184,72,0,422,0
BENCH,textures,16,2,239,60.0,16.67,16.84,59.3,5.31,7.34,1.94,11.7,96,16.0,799
BENCH_PRESENT,textures,16,2,239,239,0,0,0,0,1.000
BENCH_PROF,textures,16,2,140,4929,4452,95,571,2230,73,0,424,0
BENCH,textures,17,4,239,60.0,16.67,16.81,59.4,5.47,7.50,1.94,11.7,96,16.0,799
BENCH_PRESENT,textures,17,4,239,239,0,0,0,0,1.000
BENCH_PROF,textures,17,4,141,5085,4603,99,587,2288,73,0,429,0
BENCH,textures,18,8,239,60.0,16.67,16.81,59.5,5.49,7.54,1.94,11.7,96,16.0,799
BENCH_PRESENT,textures,18,8,239,239,0,0,0,0,1.000
BENCH_PROF,textures,18,8,142,5107,4623,98,590,2313,73,0,429,0
BENCH,shadows,19,0,239,60.0,16.67,16.82,59.4,6.72,8.80,3.50,21.0,253,0.0,799
BENCH_PRESENT,shadows,19,0,239,239,0,0,0,0,1.000
BENCH_PROF,shadows,19,0,140,6365,5859,67,849,4394,70,0,461,0
BENCH,shadows,20,1,239,60.0,16.67,16.82,59.4,7.31,9.45,4.65,27.9,285,0.0,799
BENCH_PRESENT,shadows,20,1,239,239,0,0,0,0,1.000
BENCH_PROF,shadows,20,1,142,6965,5657,66,849,4230,69,0,467,0
BENCH,shadows,21,2,239,60.0,16.67,16.84,59.4,11.11,13.22,5.25,31.5,509,0.0,799
BENCH_PRESENT,shadows,21,2,239,239,0,0,0,0,1.000
BENCH_PROF,shadows,21,2,140,10763,5557,61,837,4166,70,0,466,0
BENCH,fillrate,22,1,239,60.0,16.67,16.89,59.2,0.91,3.06,2.66,16.0,0,0.0,799
BENCH_PRESENT,fillrate,22,1,239,239,0,0,0,0,1.000
BENCH_PROF,fillrate,22,1,153,517,0,0,0,0,66,0,455,0
BENCH,fillrate,23,2,239,60.0,16.67,16.87,59.2,0.91,3.06,4.35,26.1,0,0.0,799
BENCH_PRESENT,fillrate,23,2,239,239,0,0,0,0,1.000
BENCH_PROF,fillrate,23,2,152,514,0,0,0,0,66,0,453,0
BENCH,fillrate,24,4,239,60.0,16.67,16.87,59.3,0.91,3.06,7.73,46.4,0,0.0,799
BENCH_PRESENT,fillrate,24,4,239,239,0,0,0,0,1.000
BENCH_PROF,fillrate,24,4,151,523,0,0,0,0,66,0,456,0
BENCH,fillrate,25,8,239,60.0,16.67,16.87,59.3,0.92,3.06,14.52,87.1,0,0.0,799
BENCH_PRESENT,fillrate,25,8,239,239,0,0,0,0,1.000
BENCH_PROF,fillrate,25,8,153,526,0,0,0,0,66,0,455,0
BENCH,END,26,137.3
