BENCH_META,build=debug,date=Sep 25 2026 23:21:49,rdram=8388608,benchmark=all,steps=28,warmup=60,measure=240,heap_pad=0,layout_pad=0
BENCH_HDR,kind,step,param,frames,fps,avg_ms,p99_ms,low1_fps,cpu_avg_ms,cpu_max_ms,rdp_busy_ms,rdp_busy_pct,tris,tex_uploads,heap_kb
BENCH_PRESENT_HDR,kind,step,param,presents,vb1,vb2,vb3,vb4plus,late,avg_vblanks,torn,torn_worst_halfline,lag_avg_vblanks,lag_min,lag_max
BENCH_PROF_HDR,kind,step,param,update_us,draw_us,objects_us,mesh_cull_us,mesh_light_us,mesh_tris_us,audio_us,menu_us,hud_us,dialog_us,input_us,wait_input_us,particle_us,rsp_wait_us,audio_wait_us
BENCH_RSPSTATE_HDR,kind,step,param,polls,rsp_running,rdp_busy,rdp_behind,starved
BENCH_INPUT_HDR,kind,step,param,sync,pacing,fresh_pct,read_us,wait_us,wait_max_us,timeouts,auto_skips
BOOT_HDR,sec,frames,frame_ms,wait_ms,update_ms,draw_ms,audio_ms,rdp_ms
BOOT,0,63,16.08,14.51,0.03,0.55,0.09,0.55
BOOT,1,60,16.74,15.18,0.03,0.55,0.08,0.92
BOOT,2,60,16.67,15.11,0.03,0.55,0.09,0.97
BOOT,3,60,16.67,15.11,0.03,0.55,0.08,0.98
BOOT,4,61,16.66,15.11,0.03,0.55,0.09,0.98
BOOT,5,61,16.67,15.12,0.03,0.55,0.09,0.98
BOOT,6,61,16.67,15.12,0.03,0.54,0.08,0.97
BOOT,7,61,16.66,15.22,0.03,0.50,0.08,0.95
BOOT,8,60,16.67,15.46,0.03,0.40,0.06,0.74
BOOT,9,60,16.67,15.46,0.03,0.41,0.06,0.67
BOOT,10,61,16.67,15.46,0.03,0.40,0.06,0.66
BOOT,11,61,16.67,15.46,0.03,0.41,0.06,0.66
BOOT,12,60,16.67,15.46,0.03,0.40,0.06,0.66
BOOT,13,61,16.67,15.46,0.03,0.40,0.06,0.66
BENCH_SETTLE,done
BOOT,14,60,16.67,15.39,0.07,0.42,0.06,0.66
BOOT,15,61,16.67,15.34,0.10,0.45,0.06,0.69
BOOT,16,61,16.67,15.33,0.10,0.45,0.06,0.70
BOOT,17,61,16.67,15.33,0.10,0.45,0.06,0.70
BOOT,18,60,16.67,15.33,0.10,0.45,0.06,0.70
BENCH_LAYOUT,draw_frame=0x807ffd70,pillar_vtx=0x80164520,pillar_vtx_bytes=1600,pillar_idx=0x80164b60,pillar_idx_bytes=192,pillar_mesh=0x800a3378
BENCH_LAYOUT,rspq=0xa0153474,rdp_buf0=0xa0126da0,rdp_buf1=0xa0136dc0,zbuf=0xa07ca800,fb0=0xa00d9cc0,fb1=0xa00ff500,fb2=0xa00b4480
BENCH,all,0,0,239,60.0,16.67,16.72,59.8,0.94,3.00,0.70,4.2,0,0.0,823
BENCH_PRESENT,all,0,0,239,239,0,0,0,0,1.000,0,0,2.000,2,2
BENCH_PROF,all,0,0,105,452,5,0,0,0,62,0,384,0,74,402,5,0,0
BENCH_RSPSTATE,all,0,0,239,0,0,0,0
BENCH_INPUT,all,0,0,auto,throughput,100.0,481,401,445,0,0
BOOT,19,60,16.71,14.16,0.27,1.49,0.06,0.85
BENCH,objects,1,8,239,60.0,16.67,16.78,59.6,3.39,5.50,1.94,11.7,126,0.0,837
BENCH_PRESENT,objects,1,8,239,239,0,0,0,0,1.000,0,0,2.000,2,2
BENCH_PROF,objects,1,8,107,2943,2493,39,400,1813,64,0,385,0,76,400,5,0,0
BENCH_RSPSTATE,objects,1,8,239,0,0,0,0
BENCH_INPUT,objects,1,8,auto,throughput,100.0,482,398,444,0,0
BENCH,objects,2,16,239,60.0,16.67,16.75,59.6,5.77,7.86,3.18,19.1,253,0.0,884
BENCH_PRESENT,objects,2,16,239,239,0,0,0,0,1.000,0,0,2.000,2,2
BENCH_PROF,objects,2,16,107,5322,4860,71,782,3573,66,0,396,0,76,398,5,0,0
BENCH_RSPSTATE,objects,2,16,239,0,0,0,0
BENCH_INPUT,objects,2,16,auto,throughput,100.0,482,398,444,0,0
BENCH,objects,3,24,239,60.0,16.67,16.76,59.6,8.13,10.24,4.38,26.3,379,0.0,948
BENCH_PRESENT,objects,3,24,239,239,0,0,0,0,1.000,0,0,2.000,2,2
BENCH_PROF,objects,3,24,107,7675,7214,102,1160,5324,66,0,395,0,76,398,5,0,0
BENCH_RSPSTATE,objects,3,24,239,0,0,0,0
BENCH_INPUT,objects,3,24,auto,throughput,100.0,483,398,444,0,0
BENCH,objects,4,32,239,60.0,16.67,16.80,59.4,10.60,12.71,5.60,33.6,506,0.0,948
BENCH_PRESENT,objects,4,32,239,239,0,0,0,0,1.000,0,0,2.000,2,2
BENCH_PROF,objects,4,32,111,10149,9685,138,1550,7162,69,0,395,0,79,396,7,0,0
BENCH_RSPSTATE,objects,4,32,239,239,239,239,0
BENCH_INPUT,objects,4,32,auto,throughput,100.0,484,396,446,0,0
BENCH,objects,5,48,239,60.0,16.67,17.59,56.8,15.40,17.59,8.17,49.0,758,0.0,1012
BENCH_PRESENT,objects,5,48,239,239,0,0,0,0,1.000,0,0,2.967,2,3
BENCH_PROF,objects,5,48,109,14929,14467,202,2321,10711,67,0,396,0,67,5,7,0,0
BENCH_RSPSTATE,objects,5,48,239,239,4,0,0
BENCH_INPUT,objects,5,48,auto,throughput,3.3,520,4,14,0,231
BENCH,objects,6,64,239,40.0,24.98,29.79,33.6,20.37,22.43,10.73,43.1,1011,0.0,1012
BENCH_PRESENT,objects,6,64,239,119,120,0,0,120,1.502,0,0,3.502,3,4
BENCH_PROF,objects,6,64,115,19845,19369,271,3109,14335,88,0,396,0,76,3,7,0,0
BENCH_RSPSTATE,objects,6,64,239,239,239,120,0
BENCH_INPUT,objects,6,64,auto,throughput,49.8,518,3,4,0,120
BENCH,particles,7,32,239,60.0,16.67,16.79,59.5,1.65,3.75,0.91,5.5,55,0.0,1012
BENCH_PRESENT,particles,7,32,239,239,0,0,0,0,1.000,0,0,2.000,2,2
BENCH_PROF,particles,7,32,204,1087,7,0,0,1,65,0,485,0,74,398,535,0,0
BENCH_RSPSTATE,particles,7,32,239,0,0,0,0
BENCH_INPUT,particles,7,32,auto,throughput,100.0,483,399,442,0,0
BENCH,particles,8,64,239,60.0,16.67,16.83,59.4,2.24,4.37,1.00,6.0,117,0.0,1012
BENCH_PRESENT,particles,8,64,239,239,0,0,0,0,1.000,0,0,2.000,2,2
BENCH_PROF,particles,8,64,276,1603,6,0,0,0,66,0,486,0,74,397,1051,0,0
BENCH_RSPSTATE,particles,8,64,239,0,0,0,0
BENCH_INPUT,particles,8,64,auto,throughput,100.0,483,399,443,0,0
BENCH,particles,9,96,239,60.0,16.67,16.84,59.4,2.85,5.07,1.10,6.6,178,0.0,1013
BENCH_PRESENT,particles,9,96,239,239,0,0,0,0,1.000,0,0,2.000,2,2
BENCH_PROF,particles,9,96,363,2129,6,0,0,0,65,0,492,0,74,398,1570,0,0
BENCH_RSPSTATE,particles,9,96,239,0,0,0,0
BENCH_INPUT,particles,9,96,auto,throughput,100.0,483,399,442,0,0
BENCH,particles,10,128,239,60.0,16.67,16.81,59.5,3.50,5.65,1.21,7.3,242,0.0,1013
BENCH_PRESENT,particles,10,128,239,239,0,0,0,0,1.000,0,0,2.000,2,2
BENCH_PROF,particles,10,128,454,2685,6,0,0,0,65,0,509,0,74,398,2109,0,0
BENCH_RSPSTATE,particles,10,128,239,0,0,0,0
BENCH_INPUT,particles,10,128,auto,throughput,100.0,483,398,443,0,0
BENCH,particles,11,1128,239,60.0,16.67,16.83,59.4,3.51,5.71,1.21,7.3,242,0.0,1013
BENCH_PRESENT,particles,11,1128,239,239,0,0,0,0,1.000,0,0,2.000,2,2
BENCH_PROF,particles,11,1128,454,2691,6,0,0,0,65,0,515,0,74,398,2110,0,0
BENCH_RSPSTATE,particles,11,1128,239,0,0,0,0
BENCH_INPUT,particles,11,1128,auto,throughput,100.0,483,399,443,0,0
BENCH,particles,12,2128,239,60.0,16.67,16.82,59.4,3.51,5.71,1.21,7.3,242,0.0,1013
BENCH_PRESENT,particles,12,2128,239,239,0,0,0,0,1.000,0,0,2.000,2,2
BENCH_PROF,particles,12,2128,456,2694,6,0,0,0,65,0,516,0,74,398,2111,0,0
BENCH_RSPSTATE,particles,12,2128,239,0,0,0,0
BENCH_INPUT,particles,12,2128,auto,throughput,100.0,483,399,443,0,0
BENCH,lights,13,0,239,60.0,16.67,16.78,59.6,5.78,7.87,3.20,19.2,253,0.0,1013
BENCH_PRESENT,lights,13,0,239,239,0,0,0,0,1.000,0,0,2.000,2,2
BENCH_PROF,lights,13,0,106,5335,4868,71,789,3575,67,0,401,0,76,397,5,0,0
BENCH_RSPSTATE,lights,13,0,239,0,0,0,0
BENCH_INPUT,lights,13,0,auto,throughput,100.0,482,398,444,0,0
BENCH,lights,14,1,239,60.0,16.67,16.78,59.6,5.92,8.00,3.20,19.2,253,0.0,1013
BENCH_PRESENT,lights,14,1,239,239,0,0,0,0,1.000,0,0,2.000,2,2
BENCH_PROF,lights,14,1,108,5468,5002,71,919,3574,66,0,401,0,76,397,5,0,0
BENCH_RSPSTATE,lights,14,1,239,0,0,0,0
BENCH_INPUT,lights,14,1,auto,throughput,100.0,483,398,443,0,0
BENCH,lights,15,2,239,60.0,16.67,16.80,59.5,6.06,8.15,3.20,19.2,253,0.0,1013
BENCH_PRESENT,lights,15,2,239,239,0,0,0,0,1.000,0,0,2.000,2,2
BENCH_PROF,lights,15,2,108,5614,5148,71,1058,3576,66,0,401,0,76,398,5,0,0
BENCH_RSPSTATE,lights,15,2,239,0,0,0,0
BENCH_INPUT,lights,15,2,auto,throughput,100.0,482,398,444,0,0
BENCH,lights,16,4,239,60.0,16.67,16.78,59.5,6.35,8.45,3.20,19.2,253,0.0,1013
BENCH_PRESENT,lights,16,4,239,239,0,0,0,0,1.000,0,0,2.000,2,2
BENCH_PROF,lights,16,4,108,5904,5437,71,1350,3574,66,0,401,0,66,240,5,0,0
BENCH_RSPSTATE,lights,16,4,239,0,0,0,0
BENCH_INPUT,lights,16,4,auto,throughput,100.0,421,336,444,0,0
BENCH,textures,17,1,239,60.0,16.67,16.77,59.6,4.69,6.76,1.68,10.1,96,16.0,1013
BENCH_PRESENT,textures,17,1,239,239,0,0,0,0,1.000,0,0,2.000,2,2
BENCH_PROF,textures,17,1,109,4231,3761,73,521,1906,65,0,404,0,67,231,7,0,0
BENCH_RSPSTATE,textures,17,1,239,0,0,0,0
BENCH_INPUT,textures,17,1,auto,throughput,100.0,315,231,275,0,0
BENCH,textures,18,2,239,60.0,16.67,16.77,59.6,4.70,6.76,1.68,10.1,96,16.0,1013
BENCH_PRESENT,textures,18,2,239,239,0,0,0,0,1.000,0,0,2.000,2,2
BENCH_PROF,textures,18,2,109,4233,3762,75,521,1905,68,0,404,0,67,228,7,0,0
BENCH_RSPSTATE,textures,18,2,239,0,0,0,0
BENCH_INPUT,textures,18,2,auto,throughput,100.0,315,230,275,0,0
BENCH,textures,19,4,239,60.0,16.67,16.80,59.5,4.77,6.85,1.68,10.1,96,16.0,1013
BENCH_PRESENT,textures,19,4,239,239,0,0,0,0,1.000,0,0,2.000,2,2
BENCH_PROF,textures,19,4,109,4304,3832,77,523,1948,68,0,405,0,66,229,7,0,0
BENCH_RSPSTATE,textures,19,4,239,0,0,0,0
BENCH_INPUT,textures,19,4,auto,throughput,100.0,315,230,275,0,0
BENCH,textures,20,8,239,60.0,16.67,16.77,59.5,4.89,6.96,1.68,10.1,96,16.0,1013
BENCH_PRESENT,textures,20,8,239,239,0,0,0,0,1.000,0,0,2.000,2,2
BENCH_PROF,textures,20,8,110,4419,3946,77,538,1990,68,0,406,0,66,229,7,0,0
BENCH_RSPSTATE,textures,20,8,239,0,0,0,0
BENCH_INPUT,textures,20,8,auto,throughput,100.0,315,230,275,0,0
BENCH,shadows,21,0,239,60.0,16.67,16.77,59.6,5.80,7.90,3.23,19.4,253,0.0,1013
BENCH_PRESENT,shadows,21,0,239,239,0,0,0,0,1.000,0,0,2.000,2,2
BENCH_PROF,shadows,21,0,107,5363,4862,71,783,3574,67,0,436,0,66,229,5,0,0
BENCH_RSPSTATE,shadows,21,0,239,0,0,0,0
BENCH_INPUT,shadows,21,0,auto,throughput,100.0,315,230,275,0,0
BENCH,shadows,22,1,239,60.0,16.67,16.76,59.6,6.23,8.31,4.39,26.3,285,0.0,1013
BENCH_PRESENT,shadows,22,1,239,239,0,0,0,0,1.000,0,0,2.000,2,2
BENCH_PROF,shadows,22,1,108,5790,4824,68,782,3560,68,0,436,0,66,229,5,0,0
BENCH_RSPSTATE,shadows,22,1,239,0,0,0,0
BENCH_INPUT,shadows,22,1,auto,throughput,100.0,315,229,283,0,0
BENCH,shadows,23,2,239,60.0,16.67,16.76,59.6,9.04,11.13,4.99,30.0,509,0.0,1013
BENCH_PRESENT,shadows,23,2,239,239,0,0,0,0,1.000,0,0,2.000,2,2
BENCH_PROF,shadows,23,2,119,8577,4806,67,780,3547,71,0,435,0,74,227,5,0,0
BENCH_RSPSTATE,shadows,23,2,239,210,239,234,0
BENCH_INPUT,shadows,23,2,auto,throughput,100.0,317,224,283,0,0
BENCH,fillrate,24,1,239,60.0,16.67,16.73,59.7,0.94,3.06,2.42,14.5,0,0.0,1013
BENCH_PRESENT,fillrate,24,1,239,239,0,0,0,0,1.000,0,0,2.000,2,2
BENCH_PROF,fillrate,24,1,105,492,5,0,0,0,64,0,410,0,64,233,5,0,0
BENCH_RSPSTATE,fillrate,24,1,239,0,0,0,0
BENCH_INPUT,fillrate,24,1,auto,throughput,100.0,313,233,285,0,0
BENCH,fillrate,25,2,239,60.0,16.67,16.72,59.8,0.94,3.07,4.11,24.7,0,0.0,1013
BENCH_PRESENT,fillrate,25,2,239,239,0,0,0,0,1.000,0,0,2.000,2,2
BENCH_PROF,fillrate,25,2,105,493,5,0,0,0,64,0,411,0,64,233,5,0,0
BENCH_RSPSTATE,fillrate,25,2,239,0,0,0,0
BENCH_INPUT,fillrate,25,2,auto,throughput,100.0,313,233,284,0,0
BENCH,fillrate,26,4,239,60.0,16.67,16.72,59.8,0.94,3.07,7.51,45.0,0,0.0,1013
BENCH_PRESENT,fillrate,26,4,239,239,0,0,0,0,1.000,0,0,2.000,2,2
BENCH_PROF,fillrate,26,4,105,494,5,0,0,0,64,0,404,0,64,233,5,0,0
BENCH_RSPSTATE,fillrate,26,4,239,0,0,0,0
BENCH_INPUT,fillrate,26,4,auto,throughput,100.0,313,233,276,0,0
BENCH,fillrate,27,8,239,60.0,16.67,16.73,59.7,0.94,3.09,14.27,85.6,0,0.0,1013
BENCH_PRESENT,fillrate,27,8,239,239,0,0,0,0,1.000,0,0,2.000,2,2
BENCH_PROF,fillrate,27,8,105,498,5,0,0,0,64,0,404,0,64,233,5,0,0
BENCH_RSPSTATE,fillrate,27,8,239,0,0,0,0
BENCH_INPUT,fillrate,27,8,auto,throughput,100.0,313,233,276,0,0
BENCH,END,28,142.5
